product_id,sku,product_name,category_id,supplier_id,unit_price,unit_cost,currency,created_at,is_active
1,SKU-F1P4CDYJ,noise cancelling headphones,19,17,67.0,35.93,USD,2023-03-07,True
2,SKU-SGNACVA1,TRIPOD,2,9,32.98,17.24,MAD,2022-11-09,True
3,SKU-VF1X8ZT1,ROUTER,13,16,27.31,22.76,EUR,2022-11-25,True
4,SKU-M1WB5U7H,ROUTER,4,36,4.84,4.03,USD,2025-05-17,True
5,SKU-2YMFNKYC,webcam,13,29,34.09,24.09,USD,2025-04-02,True
6,SKU-6P1UAZ61,SSD DRIVE,1,35,7.34,5.56,MAD,2024-01-11,True
7,SKU-TXHNQSRP,Laptop Sleeve,18,24,108.08,45.82,GBP,2024-03-05,False
8,SKU-TN6HL7ZV,desk lamp,18,17,4.05,2.0,USD,2023-08-14,True
9,SKU-KASCTBC3,Wireless Mouse,10,34,57.82,23.42,USD,2023-04-21,True
10,SKU-8TMWKCU0,LAPTOP STAND,12,16,55.34,25.61,EUR,2025-08-22,True
11,SKU-Y3SKFUZN,gaming keyboard,12,33,17.51,11.53,EUR,2024-01-18,True
12,SKU-K5203RWH,COFFEE MUG,11,9,16.43,12.22,USD,2025-03-05,True
13,SKU-YZBYP02R,Portable Charger,19,15,22.52,18.77,EUR,2025-04-07,True
14,SKU-5O0YVIQH,Bluetooth Speaker,15,22,36.1,28.84,USD,2024-04-30,True
15,SKU-QV6LEUC7,Bluetooth Speaker,14,10,64.17,34.85,EUR,2024-04-24,True
16,SKU-ZJKLUZ3V,4K Monitor,10,6,34.84,15.81,USD,2023-10-10,True
17,SKU-MGKGH7H3,hdmi adapter,16,1,48.97,28.73,EUR,2024-12-11,False
18,SKU-1AG94O8R,laptop sleeve,14,1,60.04,27.25,USD,2024-12-22,True
19,SKU-1YF2JSVO,4K MONITOR,6,40,2.4,2.0,USD,2023-11-14,True
20,SKU-QANSJJVU,Coffee Mug,5,12,14.69,12.24,USD,2023-10-27,True
21,SKU-9A2Q429E,Laptop Sleeve,6,34,59.16,35.31,EUR,2024-05-29,True
22,SKU-X66WDYLV,4k monitor,20,10,39.76,18.85,MAD,2022-11-24,True
23,SKU-634EAXV5,PHONE CASE,20,35,33.43,22.08,USD,2024-07-10,True
24,SKU-LINBO40C,portable charger,19,18,39.02,32.52,USD,2024-11-24,True
25,SKU-DNWBUKPL,water bottle,16,2,51.81,33.61,EUR,2024-10-04,True
26,SKU-5JBKA06P,SSD Drive,19,2,29.71,20.83,USD,2023-03-06,True
27,SKU-3BW0VKCO,COFFEE MUG,17,37,23.51,14.35,EUR,2024-07-14,True
28,SKU-G6YEX6A5,PORTABLE CHARGER,10,29,48.19,16.42,USD,2023-10-08,True
29,SKU-XSDNX085,wireless mouse,1,33,29.25,20.16,MAD,2022-12-13,True
30,SKU-SY7OV9DR,Portable Charger,13,26,9.49,6.6,USD,2024-10-23,True
31,SKU-5BXHWDRR,DESK LAMP,4,32,57.79,25.39,USD,2025-06-04,True
32,SKU-Y0DBJLSV,Laptop Stand,15,13,54.21,28.23,EUR,2022-12-25,True
33,SKU-HV266VMO,laptop stand,12,39,28.53,15.81,USD,2023-04-17,True
34,SKU-GLZKIICY,PORTABLE CHARGER,7,28,46.08,38.4,EUR,2023-05-27,False
35,SKU-6JFZLH2T,COFFEE MUG,2,17,81.02,35.35,GBP,2025-08-04,True
36,SKU-6SLP2M3I,PORTABLE CHARGER,18,35,34.03,17.8,EUR,2024-08-25,False
37,SKU-J67BYJLO,noise cancelling headphones,12,38,44.04,22.38,USD,2025-03-17,True
38,SKU-6NYYUTC6,PORTABLE CHARGER,5,16,44.27,27.62,GBP,2023-09-23,True
39,SKU-3ASWIX0F,Tripod,6,8,44.64,17.89,EUR,2023-04-26,True
40,SKU-XE9HNXEP,PHONE CASE,13,25,18.57,11.65,USD,2024-04-23,True
41,SKU-JMD2E6G9,Fitness Tracker,17,18,30.49,14.33,USD,2023-04-08,True
42,SKU-0JIE3PLF,GAMING KEYBOARD,17,14,18.65,15.53,USD,2022-12-15,True
43,SKU-K9J1GGTD,Wireless Mouse,17,28,31.71,21.28,GBP,2023-05-23,True
44,SKU-60DIMS28,tripod,20,38,59.26,32.6,GBP,2025-04-24,False
45,SKU-GY40247H,coffee mug,12,27,66.36,37.64,EUR,2024-08-28,True
46,SKU-JVK5BA0Z,hdmi adapter,1,34,4.46,2.0,EUR,2023-06-24,True
47,SKU-EM1LWJTZ,Portable Charger,13,9,27.13,16.69,EUR,2025-05-28,True
48,SKU-YSAV86C5,BLUETOOTH SPEAKER,1,21,3.26,2.0,GBP,2023-05-10,True
49,SKU-JQVWQDJC,phone case,7,13,13.93,7.03,USD,2022-11-22,True
50,SKU-BOCCHUHO,webcam,1,40,3.85,2.0,USD,2022-12-04,True
51,SKU-NWN72JVO,laptop stand,9,4,79.75,39.74,EUR,2025-04-19,True
52,SKU-GRSKLVOE,hdmi adapter,17,5,49.54,23.38,EUR,2023-10-01,True
53,SKU-G60L0BMH,Desk Lamp,12,8,15.3,8.02,USD,2023-11-07,True
54,SKU-E8LLZMOH,Bluetooth Speaker,2,7,48.03,27.5,GBP,2024-11-20,True
55,SKU-LYQJMJ6H,gaming keyboard,2,21,32.47,17.03,EUR,2024-08-13,True
56,SKU-MYDKFQEH,webcam,9,33,79.25,38.39,USD,2023-03-30,True
57,SKU-1FL2UERH,BLUETOOTH SPEAKER,16,7,6.03,3.3,GBP,2023-04-02,True
58,SKU-M1DXC9HZ,ssd drive,16,25,40.62,22.73,EUR,2024-10-24,True
59,SKU-QXKJ83LZ,Wireless Mouse,5,13,49.78,25.16,USD,2025-06-28,False
60,SKU-SIAIFE9P,tripod,5,6,5.88,3.25,USD,2023-09-01,True
61,SKU-IPSYFNA8,SSD Drive,16,1,12.61,6.94,MAD,2024-03-07,True
62,SKU-2M94BTIS,Water Bottle,16,18,32.67,20.73,USD,2024-11-17,True
63,SKU-PGZUJOP7,laptop sleeve,4,23,3.13,2.01,USD,2022-09-25,True
64,SKU-3K1IMJ62,FITNESS TRACKER,15,20,44.29,24.99,MAD,2022-12-17,True
65,SKU-160SLYCJ,WEBCAM,12,35,28.75,12.32,EUR,2023-10-08,True
66,SKU-X65UZWVT,noise cancelling headphones,15,30,4.21,2.0,GBP,2023-02-07,True
67,SKU-K4J43ZJ9,SSD Drive,7,27,4.58,2.0,MAD,2024-09-06,True
68,SKU-6MIHZQ34,DESK LAMP,3,39,28.09,16.54,GBP,2022-12-31,False
69,SKU-YQSQYCBU,4K MONITOR,16,30,48.3,28.38,USD,2023-01-19,True
70,SKU-DXZCIW16,SSD DRIVE,8,11,56.34,23.61,EUR,2023-08-14,False
71,SKU-0ON7FQBS,Portable Charger,11,26,52.33,36.18,GBP,2025-05-30,True
72,SKU-U5D5I4XO,bluetooth speaker,15,9,6.62,3.78,EUR,2025-02-22,True
73,SKU-8YOBINXK,Noise Cancelling Headphones,2,32,3.28,2.0,USD,2023-01-02,False
74,SKU-5RBY2305,DESK LAMP,14,9,36.32,22.92,USD,2024-06-28,True
75,SKU-F2NX8G3W,fitness tracker,14,32,3.13,2.0,USD,2022-11-05,False
76,SKU-MD4PK2RL,4K Monitor,7,38,70.91,35.37,EUR,2023-02-18,True
77,SKU-F767C27W,Tripod,14,17,43.04,20.3,USD,2023-10-15,True
78,SKU-SANCMXWA,FITNESS TRACKER,10,28,23.81,15.2,USD,2022-10-10,True
79,SKU-BPI9ERQ0,Bluetooth Speaker,7,2,23.28,15.98,USD,2024-11-18,False
80,SKU-T2BVCP0C,webcam,5,22,81.09,35.05,MAD,2023-05-02,False
81,SKU-EH1OY16D,PORTABLE CHARGER,8,15,4.04,2.0,EUR,2025-04-27,True
82,SKU-I56HXY5D,Noise Cancelling Headphones,1,20,4.02,2.0,GBP,2022-12-16,True
83,SKU-SCQ5VDZ7,WATER BOTTLE,1,8,47.05,34.96,USD,2023-10-06,True
84,SKU-8SVA5WZM,USB-C Cable,15,8,38.04,20.18,USD,2024-12-19,True
85,SKU-P2V0A3VF,gaming keyboard,16,21,42.07,26.19,EUR,2023-06-29,True
86,SKU-RORAUG64,gaming keyboard,1,24,40.27,16.18,USD,2025-08-18,True
87,SKU-MWEM7GC3,router,7,35,56.82,31.99,USD,2025-04-19,True
88,SKU-U8AVCAK1,portable charger,19,12,18.25,9.95,MAD,2025-08-28,True
89,SKU-CXKW6A5R,Phone Case,1,37,3.62,2.15,USD,2022-11-16,True
90,SKU-MJPZZYA2,SSD DRIVE,19,31,84.55,41.68,USD,2024-11-19,True
91,SKU-VGDT3JU8,SSD DRIVE,18,40,3.53,2.0,USD,2024-11-03,True
92,SKU-24Z9Q1M2,Smartwatch Band,1,31,107.77,50.88,USD,2023-02-09,True
93,SKU-UNVF9A4M,water bottle,17,23,54.41,35.3,USD,2025-02-02,True
94,SKU-0KO0GDOT,LAPTOP SLEEVE,5,29,2.73,2.0,USD,2024-09-02,False
95,SKU-EVIK013D,Fitness Tracker,1,18,28.91,17.76,EUR,2024-12-01,True
96,SKU-69HHNLGG,Fitness Tracker,2,23,3.58,2.0,USD,2022-12-22,True
97,SKU-55X0VR1M,Router,17,23,30.93,10.53,USD,2022-11-03,True
98,SKU-QUKVQ7L7,TRIPOD,9,28,58.82,33.61,MAD,2024-10-21,True
99,SKU-DKOXM6WP,SMARTWATCH BAND,1,4,38.55,23.5,USD,2025-01-16,True
100,SKU-2WHX49ZO,DESK LAMP,13,6,43.49,20.99,USD,2024-08-27,True
101,SKU-6TQ65B2B,fitness tracker,11,32,10.91,6.27,USD,2023-06-05,True
102,SKU-I4VSECFB,Desk Lamp,16,9,38.46,20.66,USD,2024-03-01,True
103,SKU-010HCLJE,SMARTWATCH BAND,18,4,43.82,34.37,EUR,2024-04-26,True
104,SKU-YTOQJXKK,Gaming Keyboard,9,37,44.32,26.44,MAD,2025-05-09,True
105,SKU-GP3SILEK,COFFEE MUG,9,8,60.38,21.54,USD,2024-03-05,True
106,SKU-78MZHXDL,4K Monitor,10,9,27.62,14.38,USD,2023-02-18,True
107,SKU-0SLYT7XN,BLUETOOTH SPEAKER,14,2,18.4,7.35,USD,2023-11-11,False
108,SKU-5YGD7NQC,usb-c cable,9,29,59.08,27.74,MAD,2024-06-07,True
109,SKU-NZE8F14K,gaming keyboard,16,3,25.5,12.44,USD,2023-05-28,True
110,SKU-ADIB39RX,USB-C CABLE,13,31,116.13,45.59,GBP,2023-02-23,True
111,SKU-828RFFKT,SSD Drive,15,10,40.5,23.14,USD,2023-03-27,True
112,SKU-DLDGR8H2,Desk Lamp,11,5,79.07,30.6,EUR,2025-05-29,True
113,SKU-WID04WRQ,4K Monitor,11,35,4.32,2.0,MAD,2022-11-06,True
114,SKU-HC9KMGY7,Portable Charger,9,22,71.96,32.79,USD,2024-02-15,True
115,SKU-514Q65QJ,LAPTOP STAND,4,3,50.23,38.85,USD,2023-08-03,True
116,SKU-UDL69AWE,DESK LAMP,16,40,15.79,10.0,USD,2025-02-01,True
117,SKU-EL9OTDMH,4K MONITOR,3,23,59.23,27.72,EUR,2024-04-07,True
118,SKU-YEMUV0QR,Wireless Mouse,5,34,22.32,13.5,USD,2023-11-25,True
119,SKU-67WATNAU,HDMI Adapter,16,13,20.28,12.67,MAD,2025-09-02,True
120,SKU-48HV6XPU,Bluetooth Speaker,11,2,48.18,25.79,GBP,2023-08-19,True
121,SKU-GQSJ3S7I,smartwatch band,14,12,33.27,23.6,USD,2024-05-10,True
122,SKU-ETSA3ZQF,Laptop Stand,5,35,118.34,58.98,GBP,2023-07-14,True
123,SKU-9NW4QC3E,fitness tracker,10,11,58.59,42.25,GBP,2024-03-20,True
124,SKU-JALES9RG,HDMI Adapter,18,20,38.89,15.45,USD,2025-01-09,True
125,SKU-EQN92F8E,water bottle,9,21,22.02,14.08,EUR,2024-02-29,True
126,SKU-N4CXLGFO,Bluetooth Speaker,7,35,73.98,34.05,EUR,2023-08-11,False
127,SKU-G3U911OR,Phone Case,15,4,15.33,7.74,USD,2023-03-09,True
128,SKU-H2FR5KY4,Gaming Keyboard,13,21,17.97,9.07,USD,2025-06-19,False
129,SKU-MK0SCUQ0,4K MONITOR,5,22,51.25,23.38,USD,2025-09-09,True
130,SKU-DEHN4W1M,webcam,3,23,67.38,29.43,GBP,2023-04-23,True
131,SKU-EUX3LKJN,HDMI Adapter,9,17,53.89,26.76,USD,2025-06-03,True
132,SKU-36KP41G4,BLUETOOTH SPEAKER,11,27,75.84,35.44,USD,2024-11-16,False
133,SKU-8YR1C77S,desk lamp,3,9,9.47,5.03,USD,2024-11-27,True
134,SKU-Q5Z8OOYE,laptop sleeve,10,21,20.76,10.3,EUR,2024-10-30,True
135,SKU-AM4X2NK0,ssd drive,8,25,37.37,31.14,GBP,2023-11-20,True
136,SKU-OI3XCJQW,water bottle,17,32,10.4,5.86,USD,2024-05-20,True
137,SKU-52UMS3L4,noise cancelling headphones,2,35,12.36,5.92,USD,2024-11-06,True
138,SKU-QY1GM01H,Portable Charger,7,4,21.76,17.26,MAD,2023-01-10,True
139,SKU-KTHWM749,Laptop Stand,1,9,49.63,27.22,USD,2025-04-21,True
140,SKU-S6WSHVLW,bluetooth speaker,10,31,28.38,10.63,EUR,2024-09-02,True
141,SKU-42R8VNH8,LAPTOP STAND,3,23,60.7,35.45,USD,2023-07-29,True
142,SKU-0C5VRJ8F,webcam,11,10,46.56,20.58,EUR,2023-05-01,True
143,SKU-7XSWU0Q3,HDMI Adapter,12,24,44.18,28.92,USD,2024-03-11,True
144,SKU-CXQ2X2JJ,smartwatch band,14,40,73.91,58.69,EUR,2023-10-27,True
145,SKU-KGL503FU,usb-c cable,3,11,11.7,7.73,USD,2023-07-03,True
146,SKU-F4QNKVMD,Tripod,4,21,74.46,32.64,EUR,2023-01-14,True
147,SKU-NWO1SYW3,Bluetooth Speaker,16,8,51.41,29.28,USD,2022-10-22,True
148,SKU-BUBXC2JS,4K Monitor,16,39,50.18,41.82,USD,2025-02-19,True
149,SKU-BOJK1RAS,COFFEE MUG,2,26,27.25,14.74,USD,2025-05-06,True
150,SKU-VSG5PTTT,SMARTWATCH BAND,3,30,10.86,6.65,MAD,2024-01-01,True
151,SKU-V529HQK3,Smartwatch Band,5,28,2.4,2.0,EUR,2022-10-10,True
152,SKU-URSEQP6K,Tripod,16,29,51.52,26.97,EUR,2025-03-15,True
153,SKU-TDCLFB3F,water bottle,13,5,28.37,13.87,USD,2022-10-10,True
154,SKU-MU3C1ALV,BLUETOOTH SPEAKER,13,28,26.34,15.21,EUR,2023-05-12,True
155,SKU-9G1NXX24,4K MONITOR,9,17,35.57,29.64,USD,2023-09-22,False
156,SKU-XVKMBSC2,Tripod,4,26,50.99,20.35,GBP,2024-02-07,True
157,SKU-6YYSAQ8Q,usb-c cable,3,17,3.75,2.0,GBP,2024-08-06,True
158,SKU-WAEX4414,SSD DRIVE,11,14,101.86,55.52,GBP,2023-03-27,True
159,SKU-WOKR2S26,Gaming Keyboard,3,23,51.29,24.42,EUR,2024-02-11,True
160,SKU-1KPM6E6M,COFFEE MUG,17,22,46.58,26.72,GBP,2022-10-01,True
161,SKU-N5DJJPZA,ssd drive,13,3,27.81,19.69,USD,2025-04-13,True
162,SKU-RH0NEZ44,GAMING KEYBOARD,5,16,43.3,24.53,GBP,2023-11-16,True
163,SKU-Y8MJ0FDN,desk lamp,2,22,8.43,4.71,USD,2024-08-01,True
164,SKU-9GA2569L,ROUTER,9,36,37.09,30.91,GBP,2024-10-09,True
165,SKU-MU9FR6MV,Coffee Mug,14,3,3.21,2.0,EUR,2022-11-07,True
166,SKU-RAVTDVQD,noise cancelling headphones,17,18,80.99,36.37,MAD,2023-12-26,True
167,SKU-KVM1GJF6,Phone Case,1,36,3.78,2.0,EUR,2023-05-19,True
168,SKU-3A6ST5B5,Noise Cancelling Headphones,15,14,3.59,2.0,USD,2024-07-24,True
169,SKU-59WDR1QL,Gaming Keyboard,8,15,51.67,39.57,USD,2024-02-21,True
170,SKU-98Y951M4,PORTABLE CHARGER,12,5,123.57,42.95,USD,2023-11-26,True
171,SKU-0688XSGE,Water Bottle,17,25,29.11,11.82,USD,2024-05-28,True
172,SKU-203K75MJ,Laptop Sleeve,10,5,49.35,35.96,USD,2024-12-01,True
173,SKU-1RLFD39X,TRIPOD,16,16,26.4,22.0,USD,2023-11-17,True
174,SKU-KFVA96NZ,Desk Lamp,5,38,16.43,13.21,USD,2025-01-24,False
175,SKU-6HASLXN5,Bluetooth Speaker,5,14,56.32,37.44,USD,2022-10-19,True
176,SKU-BVIM13AX,4K Monitor,17,36,60.68,28.62,GBP,2023-11-07,True
177,SKU-03XJUA8T,desk lamp,5,14,35.78,29.82,USD,2024-02-03,True
178,SKU-I8YKY812,NOISE CANCELLING HEADPHONES,12,12,21.18,16.44,GBP,2024-11-27,True
179,SKU-FWJFWIGN,4k monitor,8,23,3.29,2.0,EUR,2024-04-30,True
180,SKU-DXH6Y23B,WATER BOTTLE,11,27,3.49,2.0,MAD,2022-10-10,True
181,SKU-AR3O6XQ2,GAMING KEYBOARD,18,6,12.32,10.27,MAD,2024-02-05,True
182,SKU-JJF7CPKA,water bottle,18,25,95.17,39.94,EUR,2022-10-23,True
183,SKU-IDIMT34N,DESK LAMP,17,10,130.15,55.47,USD,2022-12-01,True
184,SKU-UV32GMR7,SSD Drive,16,37,25.53,17.32,USD,2024-10-05,True
185,SKU-WZ21DNVD,Laptop Stand,11,24,40.41,16.13,USD,2023-03-14,True
186,SKU-5AIF2RZB,bluetooth speaker,9,8,126.77,46.95,GBP,2023-03-15,True
187,SKU-11RKEEOK,water bottle,1,36,4.0,2.05,USD,2023-06-23,True
188,SKU-U8BFM28G,HDMI Adapter,20,32,29.03,14.98,MAD,2024-07-31,True
189,SKU-EEZLGET2,Wireless Mouse,12,32,44.8,25.96,GBP,2024-06-17,False
190,SKU-AT1YGF09,Coffee Mug,19,38,34.81,21.38,USD,2024-05-03,True
191,SKU-HCC8TBN6,Fitness Tracker,13,29,101.08,34.17,USD,2023-06-18,True
192,SKU-YPKFZLUJ,BLUETOOTH SPEAKER,19,13,72.41,35.29,GBP,2025-06-10,True
193,SKU-GDB2CCMU,Gaming Keyboard,15,1,35.16,29.3,MAD,2024-12-31,True
194,SKU-NE8R4V4V,wireless mouse,14,40,21.91,18.26,MAD,2025-05-03,True
195,SKU-9AE3LPM7,Laptop Sleeve,20,22,25.73,13.91,GBP,2023-03-26,True
196,SKU-11VLIF0J,SSD DRIVE,6,16,3.2,2.0,USD,2023-09-07,True
197,SKU-2764ENXH,noise cancelling headphones,17,7,36.3,25.54,MAD,2022-10-04,True
198,SKU-Y1E0NLYC,Laptop Stand,20,37,34.88,19.22,GBP,2024-11-06,True
199,SKU-3020BHRZ,TRIPOD,16,27,14.06,8.73,USD,2023-07-11,True
200,SKU-9GORZL32,Desk Lamp,7,20,2.97,2.0,MAD,2022-11-14,True
201,SKU-BJH475LD,tripod,20,7,62.03,33.28,EUR,2025-07-14,False
202,SKU-FIW35EAN,usb-c cable,10,40,12.38,7.27,EUR,2023-09-06,True
203,SKU-WXE5UFWR,phone case,20,39,111.97,42.7,EUR,2023-06-05,True
204,SKU-30J4RAZ5,NOISE CANCELLING HEADPHONES,15,39,3.73,2.22,GBP,2022-10-29,True
205,SKU-H1CD0N7P,water bottle,14,27,3.04,2.0,USD,2023-01-30,True
206,SKU-NJ83UNMO,HDMI ADAPTER,14,24,44.92,19.82,MAD,2025-07-06,False
207,SKU-20OMXOQ9,phone case,7,18,109.2,46.02,USD,2023-09-15,True
208,SKU-THGX9LDC,Smartwatch Band,16,32,19.29,8.11,USD,2025-07-09,True
209,SKU-1MWEB8CO,LAPTOP STAND,15,12,32.56,17.14,USD,2025-02-07,True
210,SKU-IEO6LNE0,PORTABLE CHARGER,3,13,56.83,37.88,USD,2023-10-27,True
211,SKU-DGC77GPU,Webcam,12,11,12.99,6.33,EUR,2025-01-20,False
212,SKU-BPCA7IC7,WEBCAM,6,1,47.55,28.54,GBP,2023-10-01,True
213,SKU-QFVD37KJ,laptop stand,19,16,3.89,2.0,MAD,2025-01-05,True
214,SKU-476DEPMY,webcam,2,14,39.23,32.69,EUR,2024-06-07,True
215,SKU-KJZGWYQH,SMARTWATCH BAND,3,40,53.16,34.61,EUR,2025-03-25,True
216,SKU-UEVQIR4Q,GAMING KEYBOARD,17,5,13.61,9.24,EUR,2024-06-21,True
217,SKU-5D31HED3,ssd drive,11,23,52.71,37.09,USD,2023-01-05,True
218,SKU-591UGLTD,Fitness Tracker,15,38,27.45,18.64,USD,2023-01-26,True
219,SKU-XSTLHZIB,SSD DRIVE,7,4,35.23,17.52,USD,2024-05-13,False
220,SKU-VRVSAR04,USB-C Cable,3,2,13.56,7.12,EUR,2025-06-20,True
221,SKU-17SBXZOZ,router,7,40,49.87,22.59,MAD,2024-07-31,True
222,SKU-JM8ZE2EO,webcam,10,7,45.08,30.43,USD,2024-04-22,True
223,SKU-EO9JB5SC,PHONE CASE,20,14,6.34,4.72,USD,2023-09-29,True
224,SKU-PRLVQ11W,Bluetooth Speaker,14,30,32.62,25.84,USD,2025-06-18,True
225,SKU-2JM5IWXG,USB-C CABLE,16,12,15.58,7.54,USD,2023-05-27,True
226,SKU-22BKVBUC,HDMI ADAPTER,15,19,47.61,27.71,USD,2024-03-06,True
227,SKU-Z3HJ5396,SSD Drive,15,36,57.46,28.72,MAD,2024-03-01,False
228,SKU-PLEH5CHR,4K Monitor,1,2,63.82,42.6,GBP,2023-01-05,True
229,SKU-NSPDCBS5,USB-C CABLE,14,21,53.87,30.1,EUR,2023-08-26,False
230,SKU-C000VKQP,Laptop Sleeve,10,29,73.55,31.69,USD,2025-05-05,True
231,SKU-A5BY10TV,Desk Lamp,2,36,41.29,34.41,USD,2025-01-12,True
232,SKU-2YODYCHO,coffee mug,3,10,18.2,11.07,USD,2025-02-25,True
233,SKU-VK4WHBDI,bluetooth speaker,4,18,35.63,22.49,GBP,2023-06-17,True
234,SKU-4KMSZSUK,ROUTER,2,7,3.95,2.0,USD,2025-05-01,True
235,SKU-WIB9XXV6,Wireless Mouse,10,24,42.43,22.65,MAD,2022-12-22,True
236,SKU-FYO4WV1O,PORTABLE CHARGER,17,10,3.18,2.0,EUR,2024-09-03,True
237,SKU-QM0N2Y5P,USB-C CABLE,1,35,58.01,27.57,USD,2025-08-23,True
238,SKU-5NPRNPGX,USB-C Cable,19,9,63.68,31.46,GBP,2022-11-10,True
239,SKU-AZSIPJW8,Desk Lamp,13,34,12.09,5.97,GBP,2025-05-26,True
240,SKU-9ZL6B606,noise cancelling headphones,6,29,53.2,34.46,USD,2024-08-10,False
241,SKU-TFOSLW1W,hdmi adapter,6,26,64.94,33.29,GBP,2023-06-26,False
242,SKU-9KSZZJOI,router,1,12,23.51,13.48,EUR,2023-10-27,True
243,SKU-4SNNM3QE,phone case,8,29,3.72,2.0,USD,2023-09-30,True
244,SKU-2RMTJTX8,4K MONITOR,7,34,35.3,25.83,GBP,2024-01-26,False
245,SKU-DZCD4MLG,bluetooth speaker,11,24,72.71,60.59,USD,2024-04-12,True
246,SKU-DTN7G0NN,Noise Cancelling Headphones,4,15,33.79,28.16,GBP,2024-03-02,True
247,SKU-XQR4X974,gaming keyboard,18,35,9.95,5.75,USD,2023-02-04,False
248,SKU-DL7PQJXV,Portable Charger,15,29,82.6,44.16,USD,2024-01-21,True
249,SKU-77M5LGHK,SMARTWATCH BAND,8,1,25.06,14.76,USD,2023-05-25,False
250,SKU-EO1FGSZZ,Portable Charger,13,13,52.53,22.33,USD,2024-02-16,False
251,SKU-501W04S3,Noise Cancelling Headphones,15,5,61.62,20.54,GBP,2025-03-10,True
252,SKU-938DXCD4,PHONE CASE,17,37,3.58,2.0,USD,2024-04-28,True
253,SKU-JOLSJWQB,WIRELESS MOUSE,4,4,17.84,12.97,USD,2023-08-08,True
254,SKU-SOB224ZL,Router,1,21,42.76,20.07,GBP,2025-01-29,True
255,SKU-DE8Y4W66,USB-C Cable,11,20,62.47,33.35,EUR,2023-06-18,True
256,SKU-U9580I86,Smartwatch Band,11,29,39.21,19.1,USD,2023-02-23,True
257,SKU-PLKHCGSP,SSD Drive,3,14,24.91,14.61,USD,2025-04-30,True
258,SKU-HU5LTZCM,SSD DRIVE,9,19,30.89,14.44,MAD,2025-06-04,True
259,SKU-TJ2AZ7P3,Tripod,11,23,24.76,15.92,MAD,2023-05-12,True
260,SKU-8ADVV0XJ,Bluetooth Speaker,7,7,35.28,24.74,GBP,2025-04-07,True
261,SKU-GSB5XYT9,coffee mug,11,34,22.96,16.73,USD,2023-10-13,True
262,SKU-67B1HO49,COFFEE MUG,1,40,3.67,2.0,USD,2024-09-16,True
263,SKU-466D0AFW,BLUETOOTH SPEAKER,9,17,21.53,9.46,USD,2024-05-25,True
264,SKU-AS0AWP1B,Laptop Sleeve,14,25,35.99,16.12,GBP,2024-12-22,True
265,SKU-RTJ7O85C,bluetooth speaker,13,5,58.41,34.26,EUR,2023-05-16,True
266,SKU-SCBR6OZ7,Wireless Mouse,18,36,20.52,16.16,USD,2025-08-26,False
267,SKU-5XQ3W2MO,USB-C Cable,6,6,53.46,42.55,EUR,2022-12-19,True
268,SKU-BINC58R2,LAPTOP STAND,18,33,3.56,2.0,GBP,2025-08-10,True
269,SKU-53IL5N4R,smartwatch band,12,3,69.73,41.66,EUR,2024-05-20,True
270,SKU-DQ1K2AKS,ssd drive,18,18,111.82,54.06,EUR,2024-02-16,True
271,SKU-JQ21WNTG,SSD DRIVE,7,30,4.04,2.54,GBP,2023-02-03,True
272,SKU-I2M66IO6,usb-c cable,11,23,30.87,21.03,USD,2025-08-22,True
273,SKU-CWLBHJD1,Wireless Mouse,20,37,46.71,31.62,EUR,2023-05-11,True
274,SKU-OF2HENUH,Phone Case,19,15,24.89,16.15,EUR,2023-11-19,False
275,SKU-XYPDLU9R,tripod,16,4,11.98,8.45,EUR,2025-02-06,True
276,SKU-CWP3ZNBT,Coffee Mug,7,9,14.18,9.35,GBP,2024-07-03,True
277,SKU-B5ANAWRT,Fitness Tracker,8,23,12.41,9.03,GBP,2024-07-29,True
278,SKU-QZYEH3YS,Webcam,18,17,3.93,2.0,USD,2025-06-16,True
279,SKU-DNG424M8,COFFEE MUG,10,13,93.36,39.49,EUR,2024-04-29,True
280,SKU-1XSVW3RK,SMARTWATCH BAND,13,30,35.11,14.62,MAD,2025-06-04,True
281,SKU-8UTK1LM8,WIRELESS MOUSE,16,28,49.95,20.94,GBP,2025-01-20,True
282,SKU-ALYAQ5FC,SSD DRIVE,4,22,17.47,10.33,GBP,2024-09-21,True
283,SKU-YEYEWQGG,webcam,10,18,19.29,12.48,USD,2022-10-13,True
284,SKU-WT3IOG72,Bluetooth Speaker,19,27,43.5,36.25,EUR,2024-04-30,True
285,SKU-Z5EQP3P3,Laptop Stand,4,24,31.6,12.12,EUR,2024-03-19,False
286,SKU-KBY2FMM1,Laptop Sleeve,6,25,35.36,21.24,EUR,2025-01-24,True
287,SKU-09M54YTJ,Bluetooth Speaker,20,27,32.58,21.73,EUR,2025-09-01,True
288,SKU-PSQ8PJLK,Portable Charger,11,16,55.08,32.3,USD,2024-10-22,False
289,SKU-AAIDYABR,Fitness Tracker,5,23,3.56,2.0,USD,2025-02-09,True
290,SKU-0ZP95NA9,Tripod,2,29,36.07,19.0,EUR,2024-02-09,True
291,SKU-ZIKXUN4M,GAMING KEYBOARD,12,23,52.37,29.57,USD,2023-09-14,True
292,SKU-PW71TD9L,SSD Drive,14,5,58.18,36.49,EUR,2024-01-21,True
293,SKU-7684XIJF,water bottle,5,30,85.29,35.17,GBP,2024-05-29,True
294,SKU-C5EIN9O2,smartwatch band,11,6,53.24,24.01,USD,2025-03-01,True
295,SKU-WTPDY4QQ,laptop sleeve,5,34,27.4,12.68,USD,2024-04-14,True
296,SKU-170R95I7,GAMING KEYBOARD,6,32,30.9,25.75,MAD,2023-02-18,True
297,SKU-V7M6VB2T,tripod,6,7,3.87,2.0,EUR,2022-12-17,True
298,SKU-RSP7L9JL,Smartwatch Band,7,19,30.32,15.32,GBP,2023-07-13,True
299,SKU-4I4FNNG8,smartwatch band,1,28,49.3,26.78,GBP,2023-01-25,False
300,SKU-WILITVGA,BLUETOOTH SPEAKER,12,9,2.74,2.0,EUR,2025-02-13,True
301,SKU-XRX19V18,SSD Drive,4,36,2.86,2.0,GBP,2023-06-03,True
302,SKU-9DSS5SOL,DESK LAMP,15,6,67.85,35.16,USD,2025-03-08,True
303,SKU-9FQDU0Q4,Coffee Mug,20,39,77.17,36.89,USD,2022-12-21,True
304,SKU-OUYY9NB8,desk lamp,11,20,112.72,48.99,USD,2023-03-19,True
305,SKU-F8EIQNO1,hdmi adapter,15,25,10.9,6.02,USD,2023-12-17,True
306,SKU-F3JQ9TAU,LAPTOP SLEEVE,19,31,40.65,20.75,GBP,2022-11-25,True
307,SKU-85LE38KT,desk lamp,11,22,58.45,29.75,USD,2023-02-24,True
308,SKU-FEOGQV66,phone case,16,12,44.4,21.92,USD,2022-10-25,True
309,SKU-26TDVEYU,webcam,20,16,64.3,31.93,GBP,2024-07-29,True
310,SKU-9DYT5TI4,Gaming Keyboard,1,1,37.32,19.88,EUR,2023-02-16,True
311,SKU-ABAVPCAH,Gaming Keyboard,17,18,33.17,17.36,USD,2024-03-17,True
312,SKU-DIFLMHZU,HDMI Adapter,19,12,30.08,25.07,USD,2025-09-01,True
313,SKU-2FSTYNC5,Webcam,9,11,49.75,36.85,MAD,2023-06-28,True
314,SKU-FOJZMNFU,Portable Charger,1,26,20.98,16.74,GBP,2025-02-10,True
315,SKU-3RF9LNWG,portable charger,15,6,21.88,14.84,MAD,2024-11-04,True
316,SKU-6FRUUCD9,smartwatch band,12,7,92.35,40.36,EUR,2023-09-07,True
317,SKU-2LY731QV,HDMI ADAPTER,6,26,38.5,29.79,EUR,2024-04-10,True
318,SKU-WYM16OEA,HDMI Adapter,18,36,43.12,23.71,GBP,2022-10-08,True
319,SKU-OZW55G5Z,fitness tracker,10,36,23.93,13.39,GBP,2023-03-03,True
320,SKU-G548OKTE,Fitness Tracker,4,8,4.35,2.0,MAD,2023-08-18,True
321,SKU-6NV864MY,portable charger,7,34,25.74,10.05,MAD,2023-06-19,True
322,SKU-X11J3F0Q,Laptop Stand,16,6,79.64,37.69,USD,2023-11-21,True
323,SKU-ZSLI2X58,SSD DRIVE,19,6,33.31,16.51,USD,2025-05-15,True
324,SKU-FKZ8ZMLW,WEBCAM,13,18,88.04,39.39,GBP,2025-08-18,False
325,SKU-LN7C30VE,ssd drive,2,30,5.71,4.35,USD,2024-05-03,True
326,SKU-S2C9O3CY,Tripod,9,15,53.44,26.79,USD,2025-05-10,True
327,SKU-56VBPRZJ,HDMI Adapter,12,34,3.84,2.0,USD,2023-12-28,True
328,SKU-T8WT7IIE,NOISE CANCELLING HEADPHONES,4,27,36.26,22.32,USD,2024-10-20,True
329,SKU-78HF0588,Smartwatch Band,14,14,18.83,13.8,USD,2022-10-03,True
330,SKU-E8AN9EXJ,portable charger,12,31,71.59,30.96,USD,2024-07-27,True
331,SKU-L46E14XV,gaming keyboard,2,6,18.02,7.02,USD,2024-08-26,True
332,SKU-GQQCCXKK,Laptop Stand,19,11,31.54,17.78,EUR,2023-06-14,True
333,SKU-TP5X05YX,DESK LAMP,15,13,4.37,2.0,USD,2023-07-24,True
334,SKU-7RK4RWDZ,Gaming Keyboard,3,13,41.01,26.46,EUR,2025-03-22,True
335,SKU-3LGMXSV2,phone case,16,20,55.08,37.12,USD,2024-05-02,True
336,SKU-0CRE7ZWV,GAMING KEYBOARD,16,20,14.28,11.1,USD,2023-11-24,True
337,SKU-WA20ZQO7,WATER BOTTLE,6,10,32.49,18.39,USD,2023-11-16,True
338,SKU-SYFKSDUB,noise cancelling headphones,6,18,24.74,14.08,MAD,2023-07-29,True
339,SKU-AD2MKGJI,Coffee Mug,1,6,23.66,19.72,GBP,2022-09-27,True
340,SKU-0VJ2334C,desk lamp,1,33,20.26,8.97,USD,2023-04-20,True
341,SKU-D4AXGVI0,hdmi adapter,20,18,83.31,40.65,USD,2024-10-30,True
342,SKU-7GWPSLP1,webcam,1,16,4.29,2.0,USD,2024-12-18,True
343,SKU-NU34VENK,ROUTER,1,36,18.92,9.18,GBP,2024-03-07,True
344,SKU-UPNJTPAD,ssd drive,18,3,54.2,32.19,USD,2023-09-12,True
345,SKU-6KBTH01O,COFFEE MUG,7,3,5.71,2.29,USD,2025-03-22,True
346,SKU-X415MTBV,Desk Lamp,15,40,74.82,34.96,USD,2025-07-03,True
347,SKU-9UYT7EOY,Gaming Keyboard,12,6,18.12,10.7,USD,2025-04-25,True
348,SKU-O8MDRB27,NOISE CANCELLING HEADPHONES,16,28,17.32,12.38,USD,2025-02-02,False
349,SKU-LNVBXEY6,PHONE CASE,12,18,51.16,26.46,EUR,2024-05-18,True
350,SKU-X3XUAJJX,bluetooth speaker,10,30,18.38,8.54,USD,2023-02-28,True
351,SKU-JCNPB3YL,Wireless Mouse,1,18,78.89,47.05,USD,2023-06-17,True
352,SKU-KRHL9UY4,webcam,20,23,32.2,18.74,USD,2023-05-16,True
353,SKU-IB346NZV,Smartwatch Band,7,2,99.32,48.68,EUR,2024-03-04,True
354,SKU-2W335ZNU,FITNESS TRACKER,20,18,36.38,30.32,EUR,2024-12-24,True
355,SKU-M3QXSBQG,USB-C CABLE,6,30,75.34,29.96,GBP,2024-04-17,True
356,SKU-COKBY44F,laptop sleeve,5,6,36.12,23.14,MAD,2025-01-04,True
357,SKU-RTF21LF2,Coffee Mug,1,35,63.46,44.09,GBP,2025-02-25,True
358,SKU-G77SBCWD,ROUTER,17,11,37.47,24.92,MAD,2023-01-12,True
359,SKU-GPNWYBZ1,4K MONITOR,9,13,34.85,24.63,EUR,2025-07-12,True
360,SKU-VBCYNAON,SSD Drive,3,27,26.39,16.09,MAD,2024-08-27,True
361,SKU-XDKD4JVI,Router,1,29,94.02,31.4,GBP,2024-01-18,True
362,SKU-DPEENR1Y,Smartwatch Band,3,8,72.26,31.94,GBP,2025-01-26,True
363,SKU-YC8WI3ND,ROUTER,12,28,49.9,23.93,USD,2023-01-11,True
364,SKU-0JP500HX,portable charger,13,7,43.91,21.73,GBP,2023-10-04,False
365,SKU-NZV17C43,LAPTOP SLEEVE,12,3,23.89,17.69,USD,2022-12-02,True
366,SKU-V65A8A02,SMARTWATCH BAND,12,36,3.08,2.0,USD,2024-08-24,True
367,SKU-QR94HCPI,SMARTWATCH BAND,11,4,45.75,28.32,USD,2025-06-04,True
368,SKU-5VKVT304,LAPTOP SLEEVE,16,37,18.24,9.92,EUR,2024-11-06,True
369,SKU-MPW8M6A2,HDMI Adapter,12,20,39.98,30.49,USD,2023-03-10,True
370,SKU-0NPYVCOZ,fitness tracker,5,8,59.31,34.23,USD,2023-09-06,True
371,SKU-Q6RUS79E,FITNESS TRACKER,1,23,30.41,15.44,EUR,2024-02-23,True
372,SKU-E60RD4MV,fitness tracker,20,10,3.1,2.0,GBP,2024-02-17,True
373,SKU-52RPKCQY,laptop sleeve,3,19,49.27,21.82,USD,2023-08-06,True
374,SKU-OYH926LU,Desk Lamp,17,23,36.42,30.35,USD,2023-11-07,True
375,SKU-KJ9KV18Y,smartwatch band,2,11,4.47,2.0,EUR,2025-08-22,True
376,SKU-E4KAD67F,SMARTWATCH BAND,10,34,31.82,21.62,USD,2025-06-08,True
377,SKU-V8KYBITS,BLUETOOTH SPEAKER,17,10,37.38,14.52,EUR,2024-12-18,True
378,SKU-0XHPCXOG,laptop sleeve,2,4,25.11,12.05,USD,2023-11-29,True
379,SKU-W3AOCKJ5,ROUTER,13,34,47.33,35.84,USD,2023-04-15,True
380,SKU-LM56JRFP,Laptop Sleeve,10,32,55.28,31.47,USD,2024-05-01,True
381,SKU-DU08X9KX,WIRELESS MOUSE,13,13,70.25,28.32,EUR,2024-05-29,True
382,SKU-T0XRPURM,Laptop Sleeve,13,8,72.68,32.41,USD,2023-03-13,True
383,SKU-29JHFABV,ROUTER,11,9,13.31,7.01,GBP,2024-10-26,True
384,SKU-C3CPGZOT,Tripod,9,15,65.82,29.74,EUR,2024-05-29,True
385,SKU-9DV6I056,coffee mug,14,23,33.31,13.98,EUR,2024-02-27,True
386,SKU-R31SUJNX,BLUETOOTH SPEAKER,12,29,95.3,41.12,EUR,2023-03-13,True
387,SKU-B0U0WQMX,laptop stand,16,10,30.86,16.39,USD,2024-09-03,True
388,SKU-3E0AXJME,WIRELESS MOUSE,9,12,45.78,22.21,GBP,2023-11-24,False
389,SKU-0E0I1W48,Router,11,38,3.97,2.0,MAD,2025-04-25,True
390,SKU-NEZLUH2D,SSD Drive,17,11,34.63,23.41,GBP,2023-10-02,True
391,SKU-WGHNH2J7,Webcam,2,29,48.23,34.33,USD,2025-04-18,True
392,SKU-UM8TAK8R,FITNESS TRACKER,1,9,67.32,37.12,EUR,2024-04-09,True
393,SKU-S1DUS2MN,Water Bottle,17,35,31.69,14.24,USD,2024-01-29,True
394,SKU-9L4TAD32,noise cancelling headphones,11,3,25.7,13.18,USD,2024-10-28,True
395,SKU-0KBWIDRO,bluetooth speaker,9,40,3.13,2.0,USD,2023-05-08,False
396,SKU-94Y1TYJC,SSD Drive,17,31,37.3,27.25,USD,2025-08-25,True
397,SKU-04MZGDXZ,hdmi adapter,13,15,41.27,19.91,USD,2023-03-14,True
398,SKU-T6SFBDOI,tripod,15,10,9.19,4.93,USD,2022-12-06,True
399,SKU-MK97MBM5,Laptop Sleeve,14,15,44.29,19.62,USD,2025-05-04,True
400,SKU-ZCK7CG5Y,noise cancelling headphones,19,25,35.13,16.71,USD,2023-08-31,True
401,SKU-I8JIKV0K,ROUTER,4,12,16.71,13.85,EUR,2023-04-24,False
402,SKU-JAN53JBU,ROUTER,7,27,113.29,48.12,EUR,2024-04-29,True
403,SKU-D0UOJCGX,Noise Cancelling Headphones,10,4,27.45,11.6,GBP,2024-12-03,True
404,SKU-V8I7GVOC,ssd drive,7,10,54.66,33.68,USD,2024-03-07,True
405,SKU-OW7V1RJN,4k monitor,4,31,3.72,2.0,EUR,2023-04-01,True
406,SKU-HJMFI4E6,Water Bottle,13,28,3.22,2.0,GBP,2025-03-26,True
407,SKU-CXECKY3V,ROUTER,3,5,110.76,54.22,USD,2024-07-07,True
408,SKU-O7RS40TX,Webcam,7,13,59.45,29.25,USD,2023-10-01,True
409,SKU-XBTM7BYN,Smartwatch Band,11,3,77.99,39.61,GBP,2024-07-09,True
410,SKU-A7TFBJRB,4K MONITOR,18,17,83.06,48.94,USD,2023-02-14,False
411,SKU-A90DZ120,router,2,33,28.21,11.78,USD,2025-06-26,True
412,SKU-7HJLF49S,fitness tracker,20,39,31.46,22.73,GBP,2023-05-11,True
413,SKU-EX5YRBRU,WATER BOTTLE,5,38,37.8,27.77,EUR,2023-03-07,True
414,SKU-IGTX3WWU,bluetooth speaker,10,21,45.53,23.39,USD,2023-08-10,True
415,SKU-MHLXHTNB,laptop sleeve,6,21,19.1,15.92,USD,2025-04-20,True
416,SKU-MFEQ7LTO,Coffee Mug,20,11,89.12,30.06,USD,2023-07-05,True
417,SKU-M2XAB522,laptop sleeve,7,24,9.9,3.3,USD,2024-07-31,True
418,SKU-04A0LELT,laptop stand,15,36,36.18,25.29,GBP,2024-05-23,True
419,SKU-76V3NEDG,fitness tracker,17,14,38.93,16.47,EUR,2024-04-28,True
420,SKU-516BC7QU,phone case,9,34,49.67,25.82,GBP,2024-11-28,True
421,SKU-530TPW5T,router,13,28,2.74,2.0,GBP,2025-05-24,True
422,SKU-MQXLWF0L,Tripod,10,38,7.14,3.56,USD,2025-08-16,True
423,SKU-1H686P7A,noise cancelling headphones,16,5,4.06,2.0,USD,2025-09-05,True
424,SKU-50T1RA65,phone case,19,3,6.22,2.81,GBP,2023-12-02,True
425,SKU-HEY7DB5N,BLUETOOTH SPEAKER,14,4,2.4,2.0,USD,2024-12-26,True
426,SKU-P1RR1NXG,hdmi adapter,11,15,15.05,12.54,MAD,2023-02-13,True
427,SKU-PC54U3Y2,USB-C Cable,5,40,38.81,32.34,USD,2023-06-27,True
428,SKU-8LYJNZH2,Tripod,8,8,2.99,2.0,MAD,2024-05-25,True
429,SKU-M6MKK8MN,4K Monitor,15,24,75.77,43.75,USD,2025-01-31,True
430,SKU-1SM0HC3R,SSD Drive,14,31,7.08,4.02,USD,2024-02-26,True
431,SKU-K7UNGR8M,gaming keyboard,18,28,17.02,11.12,GBP,2024-07-21,True
432,SKU-CJ8392EG,gaming keyboard,19,34,17.86,10.61,GBP,2024-12-26,True
433,SKU-32EO5WJZ,wireless mouse,16,32,50.18,27.56,USD,2025-07-07,True
434,SKU-4FCN3N2G,WATER BOTTLE,7,7,36.22,22.69,USD,2024-07-10,True
435,SKU-7SPVEEF5,Fitness Tracker,17,5,46.0,29.51,EUR,2023-06-04,True
436,SKU-SY07H6V3,SMARTWATCH BAND,2,16,40.16,21.09,EUR,2024-05-16,True
437,SKU-4I75MMGZ,PORTABLE CHARGER,14,8,16.19,10.56,MAD,2023-10-11,True
438,SKU-OZ6IT5AA,SSD DRIVE,20,5,43.72,29.34,GBP,2025-02-07,True
439,SKU-XJC2KPWZ,HDMI Adapter,3,12,28.02,21.3,MAD,2024-12-28,True
440,SKU-6LCE07ZB,webcam,19,22,3.38,2.0,EUR,2023-12-21,True
441,SKU-Z5Z06ZB4,Wireless Mouse,20,17,72.68,37.74,USD,2023-08-28,True
442,SKU-NZK1MMZJ,smartwatch band,7,16,87.07,49.41,EUR,2023-06-04,True
443,SKU-6DDG2IVJ,USB-C CABLE,19,23,62.12,36.5,GBP,2024-08-30,True
444,SKU-WNZKZQUR,HDMI Adapter,6,19,35.58,16.38,EUR,2022-11-11,True
445,SKU-C0Z4VAQL,Laptop Stand,14,37,69.75,37.49,USD,2023-01-20,True
446,SKU-ZFWDCQEZ,GAMING KEYBOARD,6,20,42.34,28.38,EUR,2024-07-14,True
447,SKU-VSEIFR95,USB-C Cable,4,37,44.53,22.94,USD,2023-05-04,True
448,SKU-4P22264Q,Portable Charger,9,38,31.6,20.9,EUR,2022-12-27,True
449,SKU-XPYQYYK2,WATER BOTTLE,2,18,52.13,33.51,GBP,2024-09-07,True
450,SKU-YGH2Z4KB,noise cancelling headphones,3,8,32.44,20.26,GBP,2023-11-09,True
451,SKU-KMAKCFVG,4k monitor,18,7,75.64,39.01,EUR,2022-12-21,True
452,SKU-TYHIN14T,SSD Drive,5,5,32.06,19.23,USD,2025-01-24,True
453,SKU-OJCLC4BH,WIRELESS MOUSE,17,24,54.06,29.09,USD,2025-07-06,True
454,SKU-73T7XIAB,WATER BOTTLE,9,16,24.41,20.34,EUR,2023-05-26,True
455,SKU-EKZG15GX,coffee mug,6,40,4.39,2.0,USD,2023-08-24,True
456,SKU-KYY4YB4J,tripod,1,16,46.57,25.21,USD,2022-11-14,True
457,SKU-W64WLSD0,BLUETOOTH SPEAKER,13,23,3.49,2.0,USD,2024-05-08,True
458,SKU-CUZCN722,ROUTER,8,24,45.59,21.47,MAD,2022-11-01,True
459,SKU-V5YMA4KV,Noise Cancelling Headphones,7,30,64.88,37.06,USD,2022-12-24,True
460,SKU-3CK49XAY,Phone Case,15,22,38.02,21.54,GBP,2022-09-26,True
461,SKU-E69J5TS7,Coffee Mug,18,30,7.37,4.95,USD,2023-02-19,True
462,SKU-ML8LZV20,HDMI Adapter,6,12,75.79,35.6,EUR,2024-06-20,True
463,SKU-B3QK1OBT,Bluetooth Speaker,7,13,56.39,33.35,MAD,2022-10-25,True
464,SKU-84397VA0,Coffee Mug,4,30,23.84,14.32,EUR,2025-03-10,True
465,SKU-8B01CE3C,Laptop Stand,15,37,60.08,31.2,GBP,2023-05-26,True
466,SKU-AU5Y60N3,Portable Charger,14,9,32.64,14.99,USD,2022-11-27,True
467,SKU-NGY0X8OT,Portable Charger,9,17,42.72,26.89,GBP,2022-10-16,True
468,SKU-B2YHG96J,Gaming Keyboard,5,27,24.1,12.33,EUR,2023-10-31,True
469,SKU-D41FXKOW,ssd drive,17,21,70.95,36.8,USD,2022-10-07,False
470,SKU-TJA6VBL8,laptop sleeve,2,27,53.99,24.37,EUR,2022-11-27,True
471,SKU-A3XM17A6,Noise Cancelling Headphones,12,30,2.4,2.0,GBP,2025-02-07,True
472,SKU-GOUG2QR8,ssd drive,7,25,71.67,33.93,EUR,2024-03-22,False
473,SKU-H6305X67,WEBCAM,18,34,16.87,11.78,USD,2024-01-19,True
474,SKU-CGNMP9SI,Bluetooth Speaker,6,33,6.69,3.39,GBP,2025-01-21,True
475,SKU-9QRRM2KQ,webcam,10,39,45.01,22.5,MAD,2025-08-30,True
476,SKU-BXKKB8AW,PHONE CASE,13,37,28.73,10.82,MAD,2024-05-23,True
477,SKU-A9KWYQ26,SSD Drive,2,10,4.07,2.0,USD,2024-01-07,True
478,SKU-OR9TFW9H,USB-C Cable,4,34,40.54,26.69,GBP,2024-12-28,False
479,SKU-SGNKPI3P,LAPTOP SLEEVE,9,24,41.7,18.64,USD,2025-04-02,False
480,SKU-6SD4O3BD,Portable Charger,1,7,14.5,7.6,GBP,2024-03-08,False
481,SKU-0CVQM0VP,router,8,14,66.07,39.65,GBP,2023-06-26,True
482,SKU-U63RM8V2,bluetooth speaker,6,18,4.82,2.88,MAD,2025-02-22,True
483,SKU-OE67JUS1,Coffee Mug,2,33,6.14,5.12,USD,2025-02-15,True
484,SKU-O0HINQ8J,PHONE CASE,11,34,25.84,11.48,USD,2022-11-12,True
485,SKU-AJ1UW06B,GAMING KEYBOARD,14,16,23.95,18.45,USD,2023-05-26,False
486,SKU-0BCYL51A,Phone Case,5,25,3.49,2.0,USD,2024-08-21,True
487,SKU-0TY7VTGS,Laptop Sleeve,15,7,53.02,22.29,USD,2025-05-21,True
488,SKU-W64K2APT,ROUTER,7,11,67.49,31.41,USD,2023-11-18,True
489,SKU-58PR6E6D,USB-C CABLE,5,36,52.42,36.64,GBP,2024-01-13,True
490,SKU-NLY3B3YC,coffee mug,1,4,18.42,15.35,MAD,2022-11-25,False
491,SKU-FDR1X2Q5,COFFEE MUG,11,39,10.44,6.79,EUR,2023-09-22,True
492,SKU-C0MM4H1M,Phone Case,9,32,30.21,15.64,USD,2025-06-16,True
493,SKU-V2HXTI12,WIRELESS MOUSE,2,25,41.26,26.95,USD,2023-08-30,True
494,SKU-BA04L1Q9,desk lamp,17,11,28.55,18.39,USD,2024-10-16,True
495,SKU-WF3EM3D3,WEBCAM,17,35,37.03,22.85,EUR,2024-10-27,True
496,SKU-5QX1LJ69,SMARTWATCH BAND,13,1,81.74,37.91,USD,2023-04-18,True
497,SKU-1KXLXAOL,ROUTER,6,22,58.58,25.91,MAD,2024-07-13,True
498,SKU-TO3YBE40,Webcam,2,31,60.5,27.4,USD,2025-08-21,True
499,SKU-4NE20BZR,ROUTER,4,23,72.22,41.83,USD,2025-06-04,True
500,SKU-TE8FIXRH,portable charger,13,32,23.49,8.52,EUR,2023-10-26,True
501,SKU-8BG5M5TU,PHONE CASE,7,14,22.21,9.49,EUR,2025-06-06,True
502,SKU-30PMI60B,portable charger,15,13,16.89,10.22,GBP,2024-10-31,True
503,SKU-TUKDZG5D,tripod,6,11,90.91,49.9,USD,2025-05-06,False
504,SKU-Q2UAN99Y,Gaming Keyboard,12,3,20.41,9.5,GBP,2023-11-12,True
505,SKU-KIZ72S63,PHONE CASE,17,21,66.2,38.39,EUR,2025-08-27,True
506,SKU-EGAWNLIT,SMARTWATCH BAND,1,11,48.76,33.26,USD,2024-07-25,True
507,SKU-WRP9O3D8,Coffee Mug,7,27,66.53,38.23,GBP,2025-04-02,True
508,SKU-1YJ5S3KL,Tripod,4,16,17.9,10.19,EUR,2023-03-08,True
509,SKU-ZVGHW7BN,LAPTOP STAND,8,8,47.92,30.22,EUR,2024-05-06,True
510,SKU-VB55M2JK,Router,13,39,34.68,17.59,USD,2025-09-07,False
511,SKU-GRRXTBQM,Bluetooth Speaker,11,39,3.99,2.0,GBP,2022-11-05,True
512,SKU-SHCQ270P,Fitness Tracker,8,11,92.74,36.52,MAD,2022-10-13,True
513,SKU-P06IY8YQ,phone case,14,31,11.35,5.35,USD,2024-07-25,True
514,SKU-1JF05IS7,4k monitor,14,26,7.03,4.16,USD,2024-07-20,True
515,SKU-OPBVOT4G,ROUTER,16,15,54.4,26.48,USD,2024-12-31,True
516,SKU-2BVHOUD6,router,19,16,116.49,47.44,USD,2022-12-24,True
517,SKU-JT3QWHUG,fitness tracker,13,13,89.69,52.99,USD,2023-10-09,True
518,SKU-NTSCB3UB,laptop sleeve,14,19,54.88,32.24,USD,2023-05-23,True
519,SKU-32JFDD76,webcam,8,22,27.42,19.0,USD,2023-04-07,True
520,SKU-D156CMRK,smartwatch band,1,37,91.92,46.89,USD,2023-05-05,True
521,SKU-W6A080EA,webcam,14,38,30.25,20.92,EUR,2024-06-21,True
522,SKU-245GKBE7,Webcam,12,19,42.35,35.29,USD,2023-09-07,True
523,SKU-885WUX28,PORTABLE CHARGER,3,1,27.41,14.15,EUR,2023-10-12,True
524,SKU-3IOVHVWT,Laptop Stand,17,10,46.6,21.23,USD,2024-09-06,True
525,SKU-HZ25E1J6,Desk Lamp,9,13,22.26,12.24,EUR,2025-03-11,True
526,SKU-9AELLV5D,Fitness Tracker,12,40,3.91,2.0,USD,2024-07-06,True
527,SKU-2J8ONUYB,wireless mouse,13,20,3.61,2.0,USD,2023-08-11,True
528,SKU-YGT60C9W,WATER BOTTLE,19,29,91.72,42.99,USD,2025-03-23,True
529,SKU-88VQGQ8E,laptop sleeve,3,10,79.14,30.66,USD,2022-10-24,True
530,SKU-68H5CPUJ,ssd drive,19,38,70.22,23.87,GBP,2023-10-21,True
531,SKU-13F43QXJ,COFFEE MUG,15,28,63.78,29.57,GBP,2023-06-17,True
532,SKU-WGSX5K3X,desk lamp,20,27,49.03,40.86,USD,2024-07-18,True
533,SKU-9X4C26A2,desk lamp,3,13,29.33,13.49,USD,2024-09-24,False
534,SKU-17FWKQ83,Router,10,3,105.67,55.07,MAD,2025-05-15,True
535,SKU-DDTJSGDX,FITNESS TRACKER,13,20,71.59,43.89,MAD,2025-06-29,True
536,SKU-AHS8WDGI,USB-C CABLE,2,29,37.55,23.76,MAD,2023-11-03,True
537,SKU-FDLX9AUI,portable charger,6,18,100.9,39.4,EUR,2023-09-05,True
538,SKU-1QQAZYS0,ROUTER,5,26,30.06,20.6,EUR,2024-04-12,True
539,SKU-YGLBFBRC,noise cancelling headphones,14,1,36.83,18.82,MAD,2024-11-08,False
540,SKU-SE0RNHP8,noise cancelling headphones,1,29,28.05,13.46,EUR,2024-06-17,True
541,SKU-5BIIPY5V,WIRELESS MOUSE,9,25,47.51,29.16,EUR,2025-03-08,True
542,SKU-AATL33SB,hdmi adapter,17,30,2.76,2.0,USD,2025-03-08,False
543,SKU-SO5WCRY6,DESK LAMP,8,39,46.02,21.01,GBP,2024-03-11,True
544,SKU-AGTWEROQ,Water Bottle,2,40,3.82,2.0,EUR,2023-06-14,True
545,SKU-VS8DQMHR,BLUETOOTH SPEAKER,17,13,37.52,22.13,EUR,2023-09-15,True
546,SKU-Z474WGOE,webcam,14,10,21.85,8.26,MAD,2023-04-02,True
547,SKU-IKQM6NRJ,Fitness Tracker,12,33,54.53,28.87,GBP,2023-09-13,True
548,SKU-EC3RWM9P,hdmi adapter,20,25,22.42,12.59,USD,2023-01-08,True
549,SKU-DB6JP90X,wireless mouse,11,4,38.83,21.08,MAD,2025-07-05,True
550,SKU-0ZTZOF68,COFFEE MUG,17,40,65.58,25.78,GBP,2023-12-17,True
551,SKU-JFA1HF80,Smartwatch Band,10,1,22.86,13.95,USD,2025-08-31,False
552,SKU-SA7CNBZL,DESK LAMP,17,19,3.0,2.0,USD,2023-09-05,False
553,SKU-566JFUZN,NOISE CANCELLING HEADPHONES,11,2,20.78,9.29,USD,2023-01-09,False
554,SKU-SEAFTF8M,WATER BOTTLE,5,4,40.21,22.84,USD,2023-04-29,True
555,SKU-7IG4QNNO,Gaming Keyboard,14,4,56.2,37.06,MAD,2025-05-23,True
556,SKU-X06OE0NW,laptop stand,15,35,47.43,21.85,USD,2023-07-08,True
557,SKU-C2ASCUDF,Tripod,9,14,32.65,20.37,USD,2024-07-25,True
558,SKU-82CWGPR0,Laptop Stand,13,14,100.18,48.11,GBP,2025-02-02,True
559,SKU-S5N16E49,COFFEE MUG,17,12,12.33,9.92,USD,2022-12-31,True
560,SKU-Y3DB5QSI,Gaming Keyboard,17,33,32.81,23.32,USD,2023-09-12,True
561,SKU-76XAWEMC,fitness tracker,19,28,32.12,16.82,USD,2023-09-02,False
562,SKU-4TA8NWPK,portable charger,9,7,11.87,7.01,USD,2023-04-23,True
563,SKU-UWQK58GW,phone case,11,39,96.95,36.19,USD,2024-08-07,True
564,SKU-561SPG22,Bluetooth Speaker,7,27,3.49,2.02,USD,2022-10-22,True
565,SKU-7XGZZ0TA,Noise Cancelling Headphones,13,14,63.43,40.95,USD,2025-07-08,True
566,SKU-9WZJFDG8,SMARTWATCH BAND,14,8,24.44,16.41,GBP,2022-10-12,True
567,SKU-JT102V1Y,WIRELESS MOUSE,18,4,63.13,32.05,USD,2024-05-27,True
568,SKU-YFQT4GZY,HDMI ADAPTER,3,25,31.57,16.47,USD,2023-08-11,True
569,SKU-7U1LQB2S,LAPTOP SLEEVE,9,3,42.06,29.42,GBP,2025-08-10,True
570,SKU-REJW9EW5,Coffee Mug,19,27,82.53,59.24,MAD,2023-05-08,True
571,SKU-4DNQR5M5,water bottle,7,4,7.95,5.84,USD,2023-06-09,True
572,SKU-F3T74C6B,coffee mug,7,33,40.67,26.79,USD,2023-10-17,False
573,SKU-KPUMOMIY,BLUETOOTH SPEAKER,3,19,6.87,4.11,USD,2024-09-25,True
574,SKU-BFYAGD3D,Noise Cancelling Headphones,3,10,43.9,21.78,GBP,2022-09-23,True
575,SKU-NOH1FOCD,router,9,11,34.1,28.42,USD,2023-03-03,True
576,SKU-GE9ANTKF,SSD DRIVE,20,20,77.05,34.61,USD,2022-12-15,True
577,SKU-C5Q9K8M9,DESK LAMP,19,9,47.16,26.29,GBP,2025-02-14,True
578,SKU-O3RWEYMN,Phone Case,12,23,54.25,42.92,EUR,2024-08-03,True
579,SKU-CUBQGYRD,Webcam,1,17,3.88,2.0,MAD,2023-02-19,True
580,SKU-C1VPKG6A,bluetooth speaker,8,37,59.95,32.52,USD,2023-07-12,True
581,SKU-Y2VYM98C,4K Monitor,6,21,47.78,29.4,MAD,2025-03-28,True
582,SKU-H5JG1691,tripod,3,10,38.4,17.15,USD,2025-06-21,True
583,SKU-9W28M3ZX,Coffee Mug,9,38,3.46,2.88,USD,2023-01-03,True
584,SKU-AB6L6SKB,bluetooth speaker,13,36,121.65,47.15,EUR,2023-04-02,True
585,SKU-IEVO5V5A,Gaming Keyboard,4,9,96.46,44.09,MAD,2024-10-31,False
586,SKU-9JF4QBQA,HDMI Adapter,1,5,37.74,22.04,USD,2023-12-01,True
587,SKU-DZT1LCU8,SSD DRIVE,1,4,44.37,26.55,GBP,2025-04-02,False
588,SKU-S6HTR1EG,Noise Cancelling Headphones,18,1,10.23,6.19,USD,2025-01-09,True
589,SKU-2CL4FS2S,Tripod,2,22,44.85,24.12,USD,2024-11-28,True
590,SKU-40KES49J,webcam,12,12,5.03,2.0,USD,2024-09-26,True
591,SKU-MSVHU5CG,wireless mouse,5,24,88.96,39.12,USD,2022-11-03,True
592,SKU-LDZOV1A1,usb-c cable,2,2,37.99,14.1,USD,2023-04-07,False
593,SKU-UPV87RHO,smartwatch band,3,17,38.74,19.31,MAD,2022-12-17,True
594,SKU-1745R0H7,GAMING KEYBOARD,6,35,11.71,8.62,EUR,2024-04-28,False
595,SKU-W57RGTCZ,SMARTWATCH BAND,17,27,61.8,26.15,USD,2023-01-06,False
596,SKU-T3BSDNT4,SMARTWATCH BAND,18,22,18.91,7.39,EUR,2022-12-14,True
597,SKU-7GWT7A08,phone case,17,2,24.57,18.16,EUR,2022-12-16,True
598,SKU-H22LHW5X,bluetooth speaker,8,24,3.4,2.0,EUR,2023-02-24,True
599,SKU-GFGFYK6R,router,18,6,3.96,2.0,EUR,2024-11-22,True
600,SKU-EO8DIZFB,COFFEE MUG,5,19,10.21,4.76,USD,2024-04-07,True
601,SKU-2DHWA5D3,webcam,9,15,5.75,2.0,USD,2024-08-04,True
602,SKU-D5RO7VEZ,FITNESS TRACKER,14,6,10.78,7.47,MAD,2024-03-27,True
603,SKU-6PJSM5IG,Tripod,1,34,27.81,13.97,GBP,2023-04-19,True
604,SKU-OIEONDZD,4K Monitor,8,28,35.0,22.7,USD,2024-09-03,True
605,SKU-ROBJYXTQ,PORTABLE CHARGER,5,40,22.03,9.16,USD,2025-04-17,True
606,SKU-ZYH1KRE7,Laptop Stand,17,6,48.49,20.7,USD,2024-07-18,True
607,SKU-5C7V0J0W,bluetooth speaker,3,27,66.7,48.26,MAD,2025-07-01,True
608,SKU-GWNU8CKS,Fitness Tracker,18,19,57.93,41.91,EUR,2025-03-03,True
609,SKU-2HQJP7R1,TRIPOD,19,5,32.14,16.69,MAD,2024-07-31,True
610,SKU-SDLOPYQB,SSD DRIVE,1,32,28.92,12.45,USD,2025-03-16,True
611,SKU-HEE4AH9D,ssd drive,9,6,52.35,29.76,USD,2024-07-03,True
612,SKU-RZ2GDP6K,Webcam,17,31,53.64,34.8,USD,2025-01-16,True
613,SKU-UGL99ANL,Desk Lamp,17,6,29.08,19.6,USD,2024-12-13,True
614,SKU-9POVI2KE,Gaming Keyboard,11,3,3.84,2.0,USD,2025-08-07,True
615,SKU-R8L4W3PE,Gaming Keyboard,20,17,49.59,22.75,EUR,2023-02-02,True
616,SKU-GK0OV30T,USB-C Cable,2,3,35.9,27.35,EUR,2025-06-23,True
617,SKU-EVA0S07H,phone case,7,29,55.71,28.91,EUR,2022-09-26,True
618,SKU-73JOYPO4,bluetooth speaker,8,30,57.54,26.03,USD,2023-02-03,True
619,SKU-6N79KXIQ,fitness tracker,19,21,63.7,26.73,MAD,2025-01-05,True
620,SKU-Z5DBDEJJ,Bluetooth Speaker,17,8,22.85,19.04,USD,2025-04-12,True
621,SKU-CHDP6U5M,SSD Drive,8,40,13.61,6.86,USD,2025-05-15,True
622,SKU-7NJUKOQ3,water bottle,19,11,55.23,29.41,EUR,2023-09-21,True
623,SKU-IUZFOKEE,gaming keyboard,12,3,36.1,16.25,USD,2022-10-21,True
624,SKU-O5DVU8KK,ssd drive,4,27,37.1,23.61,GBP,2024-10-24,True
625,SKU-XUDE0OU3,Smartwatch Band,5,18,58.87,33.55,USD,2023-08-02,True
626,SKU-XY0SXETZ,NOISE CANCELLING HEADPHONES,6,20,35.48,25.77,GBP,2025-04-03,True
627,SKU-V1C3PRLO,gaming keyboard,20,21,3.78,2.0,EUR,2025-01-25,True
628,SKU-AQJ5XWX0,LAPTOP STAND,19,22,103.14,53.93,USD,2024-01-14,False
629,SKU-XA05CXCW,Portable Charger,5,15,27.8,14.95,USD,2022-10-22,True
630,SKU-WHB559G2,GAMING KEYBOARD,8,8,49.0,40.83,GBP,2024-05-29,True
631,SKU-XNRF9S2V,USB-C Cable,8,24,3.66,2.0,USD,2024-05-23,True
632,SKU-UTW5JJ97,4K MONITOR,15,37,73.03,49.16,EUR,2023-04-05,True
633,SKU-7847S2PC,ROUTER,4,12,42.75,28.1,EUR,2024-09-08,True
634,SKU-OFEDRVFE,router,19,40,3.79,2.0,USD,2024-12-04,False
635,SKU-7ABO3LII,Fitness Tracker,8,3,126.97,50.79,USD,2023-05-25,True
636,SKU-HO08QTKZ,ROUTER,11,40,3.43,2.0,USD,2024-04-12,True
637,SKU-V2KSL4QN,smartwatch band,16,25,30.96,16.33,USD,2023-04-05,True
638,SKU-GEGASKK9,PHONE CASE,19,3,71.81,40.88,USD,2024-09-17,True
639,SKU-DUYCRDTM,Coffee Mug,2,15,63.73,37.3,USD,2025-07-04,True
640,SKU-OXL47WJI,Wireless Mouse,18,38,51.51,27.08,USD,2023-03-31,True
641,SKU-TRECB1UM,coffee mug,6,33,16.65,10.02,USD,2024-06-18,True
642,SKU-8K20ZXC3,smartwatch band,6,10,52.22,26.88,USD,2025-07-19,False
643,SKU-Y9QOWHGL,HDMI Adapter,15,13,11.95,5.58,MAD,2024-12-31,True
644,SKU-24H09SQB,Fitness Tracker,13,39,28.52,16.13,USD,2025-03-21,True
645,SKU-ED28OHUK,PORTABLE CHARGER,13,7,22.54,16.78,USD,2024-12-26,True
646,SKU-CCU4Y40M,PHONE CASE,6,27,42.77,19.19,EUR,2024-12-05,False
647,SKU-C7TPV0BL,wireless mouse,3,36,41.81,28.86,EUR,2023-11-22,False
648,SKU-1YUDJZHX,Water Bottle,2,22,51.84,43.2,EUR,2024-09-26,True
649,SKU-1ID6OH4Z,Portable Charger,15,11,41.76,33.68,USD,2023-06-25,True
650,SKU-ZMD0IO4K,Laptop Stand,2,21,72.13,34.46,GBP,2024-11-23,True
651,SKU-N2BRMNIX,LAPTOP SLEEVE,1,16,27.57,18.17,USD,2024-10-23,True
652,SKU-ZFMJN6AB,webcam,20,11,59.01,28.11,USD,2025-04-05,True
653,SKU-M96IS4CY,coffee mug,16,9,61.07,41.73,USD,2024-02-06,True
654,SKU-14XSOTDE,USB-C CABLE,7,17,34.21,28.51,USD,2024-04-19,True
655,SKU-RCKCNO8Y,laptop stand,3,39,25.19,15.67,EUR,2022-11-20,True
656,SKU-9I0LYAZ3,Portable Charger,11,13,49.43,33.87,USD,2024-01-21,True
657,SKU-ATZRM2IA,Smartwatch Band,7,7,25.82,18.74,USD,2024-02-13,True
658,SKU-I8CGISSN,noise cancelling headphones,9,36,40.83,17.85,USD,2024-10-22,True
659,SKU-1C1F53ZM,usb-c cable,5,39,35.46,21.2,EUR,2025-01-24,True
660,SKU-L3H38C2Y,Coffee Mug,19,5,69.1,43.74,EUR,2024-07-14,True
661,SKU-MRDF1IID,WEBCAM,11,3,14.7,9.24,USD,2022-12-26,True
662,SKU-IMEROP2C,smartwatch band,8,2,30.02,20.03,USD,2024-03-17,True
663,SKU-GL7XHZ0S,Wireless Mouse,7,5,4.43,2.0,EUR,2023-12-03,True
664,SKU-I2DVP0BF,WATER BOTTLE,8,29,3.76,2.0,EUR,2023-02-21,True
665,SKU-OYXWKM5Z,Fitness Tracker,2,1,2.69,2.0,EUR,2022-11-03,False
666,SKU-GYXHQBRT,4k monitor,13,38,60.11,40.17,MAD,2024-05-27,True
667,SKU-1JUGUGSR,WATER BOTTLE,5,29,6.57,3.11,USD,2025-06-14,True
668,SKU-9JRVKFLA,SSD DRIVE,9,13,6.74,5.62,EUR,2023-09-27,False
669,SKU-OVNT8W7X,router,11,25,39.89,17.02,USD,2025-03-05,True
670,SKU-UJEEA44A,smartwatch band,4,15,45.08,23.6,GBP,2022-09-25,True
671,SKU-38YK2INX,Gaming Keyboard,5,26,63.03,28.46,GBP,2023-06-09,True
672,SKU-LBS048G7,Smartwatch Band,15,26,3.7,2.0,USD,2024-08-05,True
673,SKU-JI6D51LU,4K MONITOR,7,14,46.91,31.59,GBP,2024-04-21,True
674,SKU-OS3XE81Y,TRIPOD,18,14,78.75,47.06,USD,2025-07-21,True
675,SKU-RRGQLJMI,Water Bottle,4,9,165.53,60.61,USD,2022-10-30,True
676,SKU-5PUTKYOB,4K MONITOR,10,19,11.09,9.24,USD,2023-08-07,True
677,SKU-L94BVS7M,Gaming Keyboard,10,25,61.66,37.99,USD,2023-08-27,True
678,SKU-DZ2MCB71,4K MONITOR,15,36,56.38,30.19,USD,2024-11-27,False
679,SKU-IL3M7KAQ,hdmi adapter,6,34,54.8,35.82,EUR,2023-11-04,True
680,SKU-02PEC9DM,Laptop Sleeve,10,28,12.97,9.78,GBP,2024-08-03,True
681,SKU-UUGC829Q,HDMI ADAPTER,4,4,9.93,5.52,EUR,2023-09-28,True
682,SKU-UN12G8QH,laptop sleeve,3,22,45.08,37.57,USD,2024-04-19,True
683,SKU-CK27MZZ2,USB-C CABLE,14,12,72.73,29.46,USD,2024-09-02,True
684,SKU-064HDEHM,Wireless Mouse,7,7,5.17,2.46,MAD,2025-06-13,True
685,SKU-OBU0A9PW,Wireless Mouse,12,20,22.68,18.9,EUR,2024-08-02,False
686,SKU-DO28J83I,water bottle,17,34,69.92,35.99,GBP,2023-02-19,False
687,SKU-JNI0XW56,4K Monitor,12,36,44.03,25.95,USD,2024-10-13,True
688,SKU-7FICHAHR,water bottle,5,4,49.68,32.37,USD,2024-08-09,True
689,SKU-6SR52F5N,ROUTER,6,3,60.14,28.51,GBP,2023-02-02,True
690,SKU-RM5G0PNM,router,13,2,85.22,46.59,USD,2023-05-20,True
691,SKU-T6TBF1W4,Webcam,8,34,14.22,6.72,USD,2023-03-03,True
692,SKU-7D3YGK30,LAPTOP STAND,7,12,3.44,2.0,USD,2023-04-13,True
693,SKU-B28BN0W2,4K MONITOR,12,30,33.44,18.62,USD,2024-12-04,True
694,SKU-DTLXVU8E,wireless mouse,1,30,31.53,22.82,GBP,2023-11-06,True
695,SKU-Q0M4M68Q,HDMI Adapter,3,20,26.26,19.06,GBP,2025-07-30,False
696,SKU-DNDFAUIF,laptop sleeve,11,25,32.59,18.03,MAD,2024-10-08,True
697,SKU-ZQOU4ARJ,TRIPOD,2,29,59.96,23.47,USD,2023-07-15,True
698,SKU-GS8JHFWJ,HDMI ADAPTER,15,8,11.76,4.82,MAD,2023-12-20,True
699,SKU-FL8O1MJL,laptop sleeve,18,40,4.4,2.0,EUR,2024-12-07,False
700,SKU-2Q53KEPZ,Noise Cancelling Headphones,20,1,35.52,19.0,GBP,2024-09-21,True
701,SKU-0Y9TDPY5,SSD DRIVE,5,34,42.7,24.22,EUR,2023-05-12,True
702,SKU-MQGYVLUI,fitness tracker,14,25,8.37,4.43,USD,2024-05-08,False
703,SKU-1LPJTJ6L,PORTABLE CHARGER,15,37,21.8,13.73,GBP,2024-06-12,True
704,SKU-8BEHZ5TM,Gaming Keyboard,5,10,77.57,28.79,EUR,2023-01-04,True
705,SKU-ISJBDYP8,HDMI ADAPTER,2,30,15.18,6.03,MAD,2023-10-17,True
706,SKU-F7KSC2ID,smartwatch band,7,15,80.2,33.88,GBP,2023-12-03,True
707,SKU-ZXW90WB3,Laptop Stand,14,33,4.59,2.0,GBP,2023-08-31,False
708,SKU-BNN9T44U,Fitness Tracker,11,38,57.95,25.99,USD,2023-10-20,True
709,SKU-GYGYAXQE,PORTABLE CHARGER,2,33,4.93,2.0,EUR,2025-04-28,True
710,SKU-J9IJ1I6W,phone case,20,33,40.8,34.0,USD,2025-03-16,True
711,SKU-ACLQI0VX,SMARTWATCH BAND,2,11,82.45,43.17,EUR,2023-06-07,True
712,SKU-HRC96BJF,Laptop Sleeve,7,22,72.02,35.68,EUR,2024-01-30,True
713,SKU-0HAS69S8,Wireless Mouse,5,15,37.63,29.41,USD,2023-10-09,True
714,SKU-D6PVULJD,Water Bottle,14,29,26.89,19.56,MAD,2025-03-12,True
715,SKU-JEKM8Q48,ssd drive,10,32,7.08,5.9,USD,2023-09-13,True
716,SKU-5Y1OS9CG,WATER BOTTLE,16,15,71.36,39.42,USD,2024-04-17,True
717,SKU-C89LM5YS,LAPTOP SLEEVE,14,14,21.21,14.23,USD,2022-12-29,True
718,SKU-N2BG2NFF,water bottle,9,15,23.27,12.03,USD,2025-03-09,True
719,SKU-BZ6DNN3Q,WEBCAM,12,25,79.49,37.2,EUR,2024-03-22,True
720,SKU-A11BLJSK,fitness tracker,18,34,74.18,33.52,USD,2025-08-05,False
721,SKU-CNKBEI31,LAPTOP SLEEVE,6,33,29.81,15.66,USD,2024-05-11,False
722,SKU-ZLFRSBXB,GAMING KEYBOARD,1,13,15.91,10.77,EUR,2024-12-31,True
723,SKU-LAJPWFS2,4K MONITOR,14,26,25.77,17.23,EUR,2023-11-23,True
724,SKU-GFLJZ7Q3,Desk Lamp,8,30,14.58,11.3,USD,2022-10-08,True
725,SKU-WH599Q03,coffee mug,18,27,7.12,4.03,EUR,2023-01-04,True
726,SKU-7TONSH87,4K Monitor,16,25,29.16,13.84,USD,2025-03-03,True
727,SKU-POFRCJKS,WIRELESS MOUSE,15,17,33.81,21.45,MAD,2024-07-06,True
728,SKU-L52GXJ9L,USB-C Cable,13,37,49.88,41.57,GBP,2023-11-09,True
729,SKU-I3FRU8IW,HDMI Adapter,9,8,23.91,12.64,EUR,2024-05-22,True
730,SKU-4FTSKE7P,PHONE CASE,13,22,9.69,4.74,USD,2024-09-19,True
731,SKU-K94GC8DZ,Coffee Mug,7,14,54.31,39.11,MAD,2023-06-29,True
732,SKU-WF9OSJKG,Desk Lamp,1,18,102.79,44.07,GBP,2023-06-28,True
733,SKU-HRJLZFNY,Gaming Keyboard,1,17,32.4,14.68,USD,2022-09-27,True
734,SKU-P8D75QZK,tripod,5,5,58.61,33.04,EUR,2025-01-27,True
735,SKU-KXIC14O3,Laptop Sleeve,20,39,58.95,25.42,USD,2023-09-06,True
736,SKU-HR69P54J,GAMING KEYBOARD,1,25,101.83,42.55,USD,2023-06-12,True
737,SKU-T1TYKLFS,laptop stand,15,36,15.83,13.19,MAD,2024-02-14,False
738,SKU-UCR2XIK0,COFFEE MUG,10,6,88.82,50.13,EUR,2024-01-27,True
739,SKU-MAKICSOO,Fitness Tracker,14,25,41.54,21.86,EUR,2024-02-20,True
740,SKU-5C3FN063,fitness tracker,8,14,5.12,2.41,USD,2023-02-02,True
741,SKU-UIPZAX77,Laptop Stand,3,19,19.82,13.07,GBP,2023-11-16,True
742,SKU-UTJQUAOK,router,3,23,31.71,17.76,MAD,2024-07-26,True
743,SKU-SO8YK7QW,fitness tracker,12,30,30.31,14.15,MAD,2025-05-21,True
744,SKU-124HFBPE,coffee mug,7,12,30.86,16.6,EUR,2024-02-06,True
745,SKU-RETG5F0Q,Gaming Keyboard,17,7,28.89,20.39,USD,2025-04-18,True
746,SKU-UWU7ZBHR,GAMING KEYBOARD,11,22,61.66,45.81,GBP,2024-10-22,True
747,SKU-8AXT6VZ6,TRIPOD,5,32,43.54,26.89,GBP,2023-02-16,True
748,SKU-131Q1YN0,laptop stand,17,6,73.8,41.27,MAD,2024-09-11,True
749,SKU-AV5VCMAP,LAPTOP SLEEVE,16,2,11.49,7.02,EUR,2023-06-26,True
750,SKU-8QL5RYNV,laptop stand,10,10,44.37,16.1,GBP,2023-03-19,True
751,SKU-HQCM3NQ6,4k monitor,11,29,21.7,18.08,USD,2024-06-22,True
752,SKU-25IRAUZF,Phone Case,20,38,16.76,11.26,USD,2025-07-07,True
753,SKU-AVRHPZUI,Smartwatch Band,5,24,10.87,8.16,MAD,2025-08-17,True
754,SKU-WCAVR9R4,ROUTER,18,4,41.49,17.07,USD,2023-05-01,False
755,SKU-K6XE24TC,Laptop Stand,4,14,12.37,9.09,USD,2025-01-03,True
756,SKU-UNUEYH35,Portable Charger,11,35,41.93,27.65,USD,2025-03-16,True
757,SKU-AI2CS9NX,laptop stand,2,5,69.65,36.85,USD,2023-09-11,False
758,SKU-STVP0ECC,noise cancelling headphones,6,24,6.55,4.06,USD,2024-08-26,True
759,SKU-A5Z6VOFC,coffee mug,3,4,29.15,19.49,EUR,2025-02-04,True
760,SKU-F0ZZUGIE,Bluetooth Speaker,10,17,50.04,22.71,USD,2025-07-02,True
761,SKU-G6HUCQGC,Water Bottle,7,17,83.29,33.34,USD,2024-04-21,True
762,SKU-OJIFD650,Phone Case,3,33,26.99,19.49,EUR,2025-09-08,True
763,SKU-RX8FMDVA,Portable Charger,18,9,59.91,33.04,GBP,2023-06-26,True
764,SKU-LRVU2UOE,PHONE CASE,7,17,3.94,2.9,MAD,2023-10-24,True
765,SKU-10H16BGF,PHONE CASE,19,16,38.68,24.4,USD,2025-08-21,True
766,SKU-1P4NNUOY,PHONE CASE,10,14,2.4,2.0,USD,2025-06-26,True
767,SKU-ZA5D18SZ,laptop sleeve,10,33,53.53,24.94,EUR,2025-01-26,True
768,SKU-FAKSMETL,Smartwatch Band,7,23,3.74,2.0,GBP,2023-08-17,False
769,SKU-RDH8DKL2,Coffee Mug,2,9,16.36,8.52,GBP,2024-02-12,True
770,SKU-XIPJLYK4,USB-C CABLE,19,29,9.6,4.98,USD,2025-05-26,True
771,SKU-MM0RR1ZH,Webcam,5,29,42.3,27.91,MAD,2025-03-28,True
772,SKU-B02US3XB,laptop stand,13,11,41.34,17.53,EUR,2024-09-10,True
773,SKU-HOV57YXS,gaming keyboard,19,27,9.79,5.82,USD,2025-03-01,True
774,SKU-SJ437K9Z,Portable Charger,12,23,20.12,16.39,USD,2023-12-30,True
775,SKU-Y5BAMKUG,HDMI Adapter,4,18,28.24,16.64,USD,2024-07-11,True
776,SKU-2CETKGGG,usb-c cable,9,27,54.77,45.36,MAD,2023-03-29,True
777,SKU-2DWBWYX9,webcam,19,35,22.04,13.41,USD,2024-02-09,True
778,SKU-OOYA2R5T,4K MONITOR,1,27,97.03,44.76,GBP,2024-02-11,True
779,SKU-N34R9BBC,USB-C CABLE,2,32,20.88,10.07,USD,2024-02-08,True
780,SKU-8GWBHVXV,GAMING KEYBOARD,16,13,4.8,2.0,MAD,2023-11-29,True
781,SKU-5S8JUVD9,gaming keyboard,18,3,9.84,8.2,EUR,2024-09-12,False
782,SKU-I1O309VK,laptop sleeve,15,11,79.31,45.26,EUR,2023-05-05,True
783,SKU-GHGEQLCR,Tripod,12,24,49.04,25.11,USD,2025-09-04,False
784,SKU-VY2CL5HG,SSD DRIVE,17,30,52.79,29.45,EUR,2023-03-28,True
785,SKU-AZMZOPCQ,Router,18,24,44.11,29.8,USD,2025-09-03,True
786,SKU-R6RCSIBJ,wireless mouse,10,39,4.21,2.0,EUR,2023-10-20,True
787,SKU-XXKCW67X,Phone Case,8,34,19.11,10.29,MAD,2023-01-22,True
788,SKU-MCIGQXHK,FITNESS TRACKER,7,32,51.44,34.31,MAD,2025-05-31,True
789,SKU-P17CEKEG,WEBCAM,12,38,16.52,7.79,MAD,2024-03-28,True
790,SKU-7FJT18QK,4k monitor,6,10,57.59,39.13,USD,2024-09-19,True
791,SKU-U1VIOSUX,usb-c cable,2,7,71.2,46.92,EUR,2023-01-01,True
792,SKU-ALNPXDD4,hdmi adapter,17,27,20.06,16.72,MAD,2025-09-04,True
793,SKU-05FBQCDQ,4K MONITOR,20,9,14.9,8.35,USD,2023-05-04,True
794,SKU-XDADUKY8,wireless mouse,19,5,51.99,26.78,MAD,2023-06-22,True
795,SKU-GK41T4I2,router,8,5,78.6,46.39,GBP,2024-06-16,True
796,SKU-QA6UCN46,SSD DRIVE,4,14,30.02,15.65,USD,2023-08-28,True
797,SKU-LBZNMSQ9,HDMI Adapter,18,40,2.85,2.0,GBP,2024-09-11,True
798,SKU-8PIYIOTR,BLUETOOTH SPEAKER,2,25,39.22,17.64,GBP,2022-10-20,True
799,SKU-DTDG0IV1,webcam,19,40,73.01,25.65,EUR,2024-02-01,True
800,SKU-90CMUCAM,laptop sleeve,11,22,48.82,40.68,USD,2023-07-28,False
801,SKU-UYLJP49T,BLUETOOTH SPEAKER,12,25,20.81,16.12,GBP,2023-10-30,True
802,SKU-06GP9FEI,Gaming Keyboard,9,15,36.31,21.57,USD,2023-01-20,True
803,SKU-UC7DB0F9,Webcam,5,9,34.58,13.08,EUR,2025-01-17,True
804,SKU-U2AFRCQW,4K Monitor,18,34,89.04,43.76,USD,2025-07-09,True
805,SKU-2O7TZGD6,ssd drive,9,26,22.45,18.71,GBP,2023-12-25,True
806,SKU-AA2F9NGY,router,16,21,75.66,28.51,GBP,2024-01-05,True
807,SKU-D132JAHE,ROUTER,4,22,81.02,30.37,USD,2024-03-07,False
808,SKU-MGKRAEBZ,Webcam,9,13,64.38,31.81,EUR,2025-05-06,True
809,SKU-83Y4750G,Water Bottle,6,26,45.68,18.37,USD,2023-03-25,True
810,SKU-M49W270M,NOISE CANCELLING HEADPHONES,7,9,37.42,31.18,USD,2025-07-13,True
811,SKU-7MK71CWU,Desk Lamp,9,29,11.37,5.19,USD,2024-02-12,True
812,SKU-CA6R23FY,SSD Drive,18,25,25.45,21.21,EUR,2025-05-12,True
813,SKU-5JQHOP8P,laptop stand,1,2,28.32,20.01,USD,2024-08-10,True
814,SKU-VVLMOP2F,HDMI Adapter,7,16,28.26,17.05,USD,2022-11-12,True
815,SKU-FHPIG679,laptop sleeve,15,12,33.52,19.95,USD,2024-06-10,True
816,SKU-PV40TRQ6,water bottle,12,16,39.3,32.75,EUR,2023-03-31,True
817,SKU-AF0RTWLU,router,19,16,4.08,2.0,USD,2024-03-25,True
818,SKU-HKM9DHZ8,usb-c cable,9,20,44.11,23.45,USD,2024-12-04,True
819,SKU-IP0IZ19Q,USB-C Cable,16,2,48.02,21.37,USD,2023-04-23,False
820,SKU-ZSLQ8LLQ,LAPTOP STAND,18,28,10.62,5.8,USD,2024-12-22,True
821,SKU-DPRPICE0,usb-c cable,7,28,50.03,24.57,USD,2024-08-08,True
822,SKU-BWQMQ9NY,laptop sleeve,18,20,57.23,32.26,USD,2023-05-04,True
823,SKU-C46A9MOG,Phone Case,15,4,25.79,21.49,MAD,2023-12-26,True
824,SKU-K2Z17VYP,GAMING KEYBOARD,4,40,67.98,30.11,USD,2024-02-07,True
825,SKU-NBJXCJ6X,desk lamp,20,2,2.91,2.0,USD,2025-05-05,True
826,SKU-M93VK449,ROUTER,8,37,65.39,40.87,USD,2023-03-16,True
827,SKU-8TOFFW0I,Coffee Mug,5,16,4.37,3.64,EUR,2023-11-01,True
828,SKU-O4LAUE3B,Noise Cancelling Headphones,6,21,68.09,56.74,USD,2025-02-11,True
829,SKU-DLRS0NJE,webcam,13,34,36.74,17.15,USD,2023-05-12,True
830,SKU-3U3Q5UBG,Desk Lamp,3,31,31.46,26.22,GBP,2023-08-24,True
831,SKU-OLTJ2YF4,smartwatch band,19,28,11.07,5.46,USD,2025-07-09,True
832,SKU-FQQC4CL4,WIRELESS MOUSE,17,11,37.11,16.2,EUR,2025-07-26,True
833,SKU-1C2EGPM5,noise cancelling headphones,10,10,68.41,36.53,USD,2025-08-25,False
834,SKU-JY4QC6D1,Gaming Keyboard,15,9,36.8,20.31,GBP,2022-12-27,True
835,SKU-YV1362N7,4k monitor,5,33,86.35,47.64,USD,2023-01-15,True
836,SKU-5VFNUQCS,LAPTOP STAND,14,28,36.16,18.76,USD,2025-02-14,True
837,SKU-OR1X82EC,Smartwatch Band,17,30,20.69,8.81,EUR,2024-11-02,False
838,SKU-1HKYI3QD,Router,7,39,12.0,5.5,EUR,2023-05-22,True
839,SKU-V5FVKUDN,4k monitor,15,23,90.0,52.02,EUR,2025-05-13,True
840,SKU-8RTYFFMC,webcam,13,39,21.4,11.81,EUR,2025-03-21,True
841,SKU-UMPXK0A0,WIRELESS MOUSE,20,34,4.74,2.04,GBP,2024-12-11,True
842,SKU-6YB22E7G,usb-c cable,14,4,48.76,21.55,GBP,2023-07-16,True
843,SKU-42HR866F,PORTABLE CHARGER,18,32,13.07,8.26,USD,2025-05-08,False
844,SKU-T01W08R5,USB-C CABLE,8,20,29.79,14.15,USD,2024-08-07,True
845,SKU-C31MGLGI,WATER BOTTLE,5,11,63.26,31.31,GBP,2023-02-26,True
846,SKU-9W3PWJ09,laptop stand,6,26,33.93,16.37,EUR,2023-05-05,True
847,SKU-KWWH3O23,WIRELESS MOUSE,11,34,3.47,2.0,GBP,2023-11-03,True
848,SKU-VLU06DME,LAPTOP STAND,19,16,30.0,22.15,USD,2024-11-21,True
849,SKU-W1S2JFNI,desk lamp,3,19,25.2,17.25,USD,2023-11-19,True
850,SKU-8IW16GJ8,HDMI ADAPTER,4,40,22.22,10.65,EUR,2024-01-21,True
851,SKU-KHA6F5OD,HDMI ADAPTER,10,40,14.02,6.15,EUR,2024-08-08,True
852,SKU-IIO29JWP,Laptop Sleeve,4,28,42.67,19.64,USD,2023-09-17,True
853,SKU-U58I3HEH,WEBCAM,12,24,36.62,30.52,GBP,2024-10-29,True
854,SKU-JCYCGYD1,WIRELESS MOUSE,6,7,47.75,34.02,USD,2024-03-15,True
855,SKU-WB2UIT31,PHONE CASE,4,31,70.08,43.11,GBP,2025-06-17,True
856,SKU-W53RNGO9,Noise Cancelling Headphones,6,5,46.5,29.12,MAD,2023-03-03,True
857,SKU-TJHSP1RV,FITNESS TRACKER,10,21,58.85,42.88,GBP,2024-08-13,True
858,SKU-JXY3T1IF,Portable Charger,18,4,3.43,2.0,GBP,2025-06-27,True
859,SKU-G974HM2V,HDMI ADAPTER,9,40,19.47,9.85,GBP,2024-02-04,True
860,SKU-BNDZKT40,ROUTER,13,14,42.28,26.8,EUR,2023-09-23,True
861,SKU-H59LBHSO,BLUETOOTH SPEAKER,12,11,38.48,24.14,USD,2023-06-12,False
862,SKU-KAI3DJ8H,Gaming Keyboard,17,13,72.67,29.25,EUR,2024-09-28,True
863,SKU-PY75X06H,COFFEE MUG,16,9,41.58,20.51,GBP,2024-06-25,True
864,SKU-10J5VG5K,GAMING KEYBOARD,8,26,3.3,2.0,USD,2023-06-09,True
865,SKU-UCRJJQF1,Gaming Keyboard,5,3,37.16,19.11,MAD,2023-12-07,True
866,SKU-NKE20KRR,Webcam,14,1,2.4,2.0,USD,2024-12-29,False
867,SKU-1V5QHDT6,Webcam,11,33,75.14,43.96,USD,2025-01-18,True
868,SKU-GJLV1F0W,NOISE CANCELLING HEADPHONES,3,32,47.97,37.95,EUR,2024-01-17,True
869,SKU-UVX04LED,router,9,30,39.66,20.0,EUR,2024-09-25,True
870,SKU-8OIT6EGX,Router,18,31,62.56,51.99,EUR,2025-03-03,True
871,SKU-N5SDUJQM,Water Bottle,4,13,26.65,22.21,USD,2023-12-09,True
872,SKU-JZWS7PTR,LAPTOP STAND,13,5,52.99,35.71,GBP,2024-03-02,True
873,SKU-2JPDT620,Laptop Stand,3,17,44.23,18.39,MAD,2025-07-02,True
874,SKU-NRSG74DG,ssd drive,14,2,33.34,17.64,EUR,2023-10-06,True
875,SKU-HK0ERGXJ,NOISE CANCELLING HEADPHONES,17,35,90.79,43.92,GBP,2023-05-05,True
876,SKU-BBGN04Z4,4k monitor,3,5,36.4,16.1,MAD,2024-06-09,True
877,SKU-DJPW0GBW,wireless mouse,7,18,49.41,34.7,EUR,2025-04-26,False
878,SKU-5MA4BDAG,phone case,4,39,19.62,14.83,USD,2024-11-03,True
879,SKU-8Y08T6OL,bluetooth speaker,13,17,3.72,2.0,EUR,2023-02-08,True
880,SKU-A3OODPOC,HDMI ADAPTER,8,4,19.97,13.32,USD,2024-12-10,False
881,SKU-OJEVFH1Y,wireless mouse,14,13,27.47,19.72,USD,2024-12-14,True
882,SKU-O9X4L00G,noise cancelling headphones,13,29,5.31,2.0,MAD,2023-03-26,True
883,SKU-8HHDNPQ3,WEBCAM,14,26,69.03,32.11,USD,2024-02-16,True
884,SKU-ISQ7ODS2,SMARTWATCH BAND,4,30,28.85,17.32,USD,2025-04-23,True
885,SKU-PMFAMFTP,ROUTER,2,5,5.39,2.93,USD,2023-01-04,True
886,SKU-FJRV88J0,Bluetooth Speaker,19,25,88.52,52.16,MAD,2024-10-30,True
887,SKU-CMJ1V19N,water bottle,18,10,2.4,2.0,USD,2025-03-06,True
888,SKU-FK2R4E16,Tripod,10,3,29.29,10.14,GBP,2024-07-14,True
889,SKU-5DWGJD4H,LAPTOP SLEEVE,2,40,66.15,28.15,USD,2023-07-30,True
890,SKU-W2DP8T10,Webcam,19,13,49.26,26.31,EUR,2023-03-14,True
891,SKU-HR1QFWEU,webcam,19,36,22.15,10.95,USD,2024-11-12,True
892,SKU-NO89BUYV,Tripod,6,38,23.76,14.79,USD,2025-06-25,True
893,SKU-WNLQHTSZ,HDMI Adapter,4,6,41.47,21.65,MAD,2024-04-28,True
894,SKU-X4Y9BTZY,WIRELESS MOUSE,20,15,8.75,4.42,EUR,2024-03-23,True
895,SKU-7TRL07P0,Desk Lamp,10,11,8.84,7.37,EUR,2024-07-04,True
896,SKU-5GCT5QPV,portable charger,20,17,33.38,27.82,USD,2024-04-15,True
897,SKU-RARL2WZJ,wireless mouse,10,18,71.93,34.99,MAD,2023-02-05,True
898,SKU-VNLCBLNS,Tripod,4,21,88.77,47.36,USD,2024-12-28,True
899,SKU-ALH3IAA6,DESK LAMP,5,14,2.85,2.0,EUR,2025-09-08,True
900,SKU-QCJYYAJP,SMARTWATCH BAND,1,23,8.64,2.88,EUR,2024-05-20,True
901,SKU-Z0I5OCZP,BLUETOOTH SPEAKER,18,19,27.54,19.66,EUR,2023-06-24,True
902,SKU-3O6CEQ2K,BLUETOOTH SPEAKER,6,16,42.74,24.05,GBP,2025-08-31,False
903,SKU-M6E44K9G,HDMI Adapter,2,37,38.9,24.7,USD,2025-06-21,True
904,SKU-UPYR1UG6,webcam,14,36,64.46,30.11,EUR,2023-12-23,True
905,SKU-SXHZCHJG,router,6,11,50.28,20.03,EUR,2025-06-19,True
906,SKU-258E1AL3,fitness tracker,14,7,67.96,38.61,EUR,2024-12-18,True
907,SKU-A9HMKRAL,Portable Charger,18,2,10.33,5.93,EUR,2024-12-18,True
908,SKU-JSUGV7ZF,Desk Lamp,11,7,6.65,4.64,USD,2023-08-19,True
909,SKU-A1BEKXQB,PORTABLE CHARGER,9,11,94.13,44.48,USD,2024-02-28,True
910,SKU-5MQO9FJQ,SSD DRIVE,15,22,83.16,30.92,GBP,2023-07-14,True
911,SKU-JLEOEBM4,Tripod,20,35,28.7,13.53,MAD,2024-03-16,True
912,SKU-XA0S1NOF,HDMI Adapter,12,36,39.28,18.85,USD,2022-10-01,True
913,SKU-1ZB1OV7K,ssd drive,11,11,13.82,8.1,USD,2023-02-13,True
914,SKU-61Z3PREP,HDMI Adapter,5,2,50.18,26.16,USD,2023-08-07,True
915,SKU-9OZAENTO,smartwatch band,6,20,20.52,13.05,EUR,2023-08-21,True
916,SKU-BQWCW9G7,PORTABLE CHARGER,10,9,4.27,2.85,EUR,2023-12-14,True
917,SKU-L095A6OC,Noise Cancelling Headphones,12,7,69.0,39.74,USD,2025-01-04,True
918,SKU-K2GQXCU2,SSD DRIVE,11,37,6.08,5.07,EUR,2023-05-21,True
919,SKU-09EUNWVU,Bluetooth Speaker,14,27,66.78,30.75,USD,2023-09-14,True
920,SKU-FC8YMNL0,NOISE CANCELLING HEADPHONES,10,9,27.28,12.17,USD,2025-06-03,True
921,SKU-C8AZYVCY,USB-C Cable,16,35,40.23,27.27,EUR,2024-11-14,True
922,SKU-G7DI0H97,USB-C Cable,9,34,39.77,24.45,USD,2024-10-23,True
923,SKU-3KGX0VWZ,WEBCAM,16,7,48.7,23.51,USD,2024-05-04,True
924,SKU-GKTJ4P2M,4K Monitor,6,29,64.8,21.6,USD,2022-12-21,True
925,SKU-LZHJORJP,WATER BOTTLE,4,32,10.64,6.35,EUR,2024-05-09,True
926,SKU-YGP4V4O3,FITNESS TRACKER,11,26,44.98,30.14,EUR,2023-11-13,True
927,SKU-548CZER3,smartwatch band,10,19,8.22,5.34,USD,2023-10-06,True
928,SKU-VJG71KDP,coffee mug,15,22,7.45,4.42,GBP,2025-06-11,False
929,SKU-84L24HJ1,water bottle,11,39,55.73,38.13,USD,2022-12-09,True
930,SKU-FZR4XVHL,NOISE CANCELLING HEADPHONES,7,38,3.2,2.0,USD,2025-02-17,True
931,SKU-ZA7YG4BF,Coffee Mug,2,28,87.02,41.01,USD,2023-05-21,True
932,SKU-ITML6LII,Phone Case,11,23,36.43,25.87,GBP,2024-04-07,False
933,SKU-PANOWGCF,ROUTER,13,29,67.97,33.1,GBP,2024-07-30,True
934,SKU-16P6YIA6,4K Monitor,4,19,58.67,27.69,USD,2023-04-07,True
935,SKU-HZKW0LCB,HDMI ADAPTER,3,20,31.23,16.74,GBP,2023-11-16,True
936,SKU-CAH8MB40,Water Bottle,11,29,18.78,10.94,GBP,2022-12-20,True
937,SKU-LG2RM0QS,WATER BOTTLE,14,35,4.08,2.0,EUR,2024-06-08,True
938,SKU-CSWZ2VR9,PORTABLE CHARGER,18,39,17.0,13.2,EUR,2023-11-11,True
939,SKU-BE7JG9MZ,coffee mug,13,21,3.61,2.0,GBP,2025-04-07,True
940,SKU-CBO8V6O1,tripod,16,8,41.4,22.82,USD,2025-08-01,False
941,SKU-CC47JD83,Fitness Tracker,19,27,14.46,12.05,USD,2024-03-02,True
942,SKU-N498RTB5,SMARTWATCH BAND,17,40,37.28,31.07,USD,2025-05-20,True
943,SKU-3OV0P3KJ,gaming keyboard,7,14,7.31,4.89,USD,2024-10-06,True
944,SKU-M3KXUYV9,PHONE CASE,8,15,64.36,40.13,USD,2024-09-07,True
945,SKU-38T25CFG,NOISE CANCELLING HEADPHONES,1,28,36.07,27.17,USD,2023-09-13,True
946,SKU-QQYHJKI3,HDMI Adapter,2,29,50.55,32.13,EUR,2024-09-19,True
947,SKU-4GZHR6E0,PORTABLE CHARGER,2,29,3.34,2.0,EUR,2025-08-20,True
948,SKU-26WXM5SI,4K MONITOR,19,33,88.62,39.99,USD,2024-07-03,True
949,SKU-B2IIZ9DX,Portable Charger,18,5,51.62,28.46,USD,2023-03-30,True
950,SKU-8W03WV4J,TRIPOD,17,39,47.81,39.84,EUR,2023-06-24,True
951,SKU-3KS3IQS3,coffee mug,20,25,5.52,4.6,USD,2022-10-11,True
952,SKU-8SG3V123,HDMI ADAPTER,9,30,10.55,5.67,EUR,2025-03-19,True
953,SKU-PXWKOFL9,Smartwatch Band,9,37,24.52,18.42,USD,2023-10-15,True
954,SKU-WBMDINGC,bluetooth speaker,3,2,29.24,14.87,USD,2024-11-05,True
955,SKU-4HC09MNX,BLUETOOTH SPEAKER,18,31,24.75,14.14,USD,2023-05-15,True
956,SKU-7RHCUFO7,phone case,7,40,67.27,32.56,EUR,2025-05-14,True
957,SKU-CD25SU78,fitness tracker,9,24,41.62,28.57,USD,2023-07-24,True
958,SKU-3XSOI69C,Phone Case,18,18,45.89,38.24,USD,2023-12-03,True
959,SKU-X2XC5BTX,Smartwatch Band,12,16,39.26,27.26,MAD,2023-01-25,True
960,SKU-D4U2P9BW,4k monitor,16,31,18.27,8.73,USD,2024-05-04,True
961,SKU-SPRDX9FJ,Coffee Mug,6,1,50.85,21.25,USD,2025-08-20,True
962,SKU-4ZL72J3Z,Desk Lamp,11,11,51.98,34.05,GBP,2024-03-30,True
963,SKU-R47322R2,4K Monitor,18,25,14.16,9.27,GBP,2024-12-03,True
964,SKU-JA0YDLT0,wireless mouse,5,16,11.72,8.9,GBP,2024-03-05,True
965,SKU-NJDAMJ1S,USB-C Cable,8,25,16.69,7.9,USD,2025-05-12,False
966,SKU-810PKWAG,gaming keyboard,8,31,70.88,28.5,MAD,2024-09-27,True
967,SKU-Y875LPRX,Bluetooth Speaker,13,9,46.2,18.73,USD,2023-03-05,True
968,SKU-PPJQP4XI,WATER BOTTLE,5,30,4.01,2.0,USD,2025-02-09,True
969,SKU-8ATZB5MA,4K Monitor,20,6,62.19,39.06,EUR,2024-05-05,False
970,SKU-NMW1B31G,laptop stand,19,36,4.24,2.0,EUR,2023-03-23,True
971,SKU-ATFPTZ4F,HDMI Adapter,7,2,11.55,8.82,EUR,2023-08-15,True
972,SKU-2R4HYB8C,wireless mouse,16,9,4.73,2.0,USD,2024-08-01,True
973,SKU-A5RLIZXL,Smartwatch Band,2,22,3.81,2.0,GBP,2025-06-02,True
974,SKU-C643LZGF,HDMI Adapter,6,19,22.73,12.07,GBP,2025-09-01,True
975,SKU-356M3YD6,Fitness Tracker,2,40,54.06,45.05,USD,2024-12-08,True
976,SKU-SY5U7UUN,USB-C CABLE,7,25,37.64,18.29,MAD,2023-04-16,True
977,SKU-N0X3T3AF,SSD DRIVE,6,9,49.16,37.49,USD,2025-09-08,True
978,SKU-TCJ5XNTP,USB-C Cable,5,35,10.12,7.59,EUR,2023-06-12,True
979,SKU-5ESJQBY0,Router,1,27,7.13,4.4,USD,2023-02-16,True
980,SKU-EA0I3Z0H,Router,17,23,10.21,5.84,USD,2024-12-29,True
981,SKU-CUROOM70,coffee mug,15,22,13.36,9.47,USD,2023-09-10,True
982,SKU-VRI3TK6I,BLUETOOTH SPEAKER,7,11,96.48,39.12,EUR,2022-11-25,True
983,SKU-XON74MAT,Tripod,10,21,31.23,25.12,USD,2024-06-24,True
984,SKU-6SJ8WTFT,noise cancelling headphones,19,40,30.16,12.38,EUR,2023-12-04,True
985,SKU-K3QXJ3Q2,Noise Cancelling Headphones,9,27,43.86,34.39,MAD,2023-05-07,True
986,SKU-NI4W9MPU,HDMI ADAPTER,17,40,41.5,22.39,USD,2024-04-09,True
987,SKU-KLGOB1YG,LAPTOP STAND,4,24,35.85,18.12,MAD,2024-02-15,True
988,SKU-J4NB96S2,TRIPOD,10,35,71.66,31.72,USD,2024-11-08,True
989,SKU-S2UT0XIJ,BLUETOOTH SPEAKER,17,28,55.89,38.76,USD,2023-03-09,True
990,SKU-8KXQCNYT,hdmi adapter,15,18,39.6,22.14,USD,2024-12-17,True
991,SKU-7VQJTSOP,fitness tracker,1,15,41.12,25.06,MAD,2023-06-21,False
992,SKU-MD2XI4US,4k monitor,17,39,3.61,2.0,EUR,2025-05-22,True
993,SKU-URBQ2UJ3,webcam,1,6,43.35,23.63,USD,2022-12-19,True
994,SKU-XINF6S54,gaming keyboard,15,16,76.31,47.09,USD,2024-01-27,True
995,SKU-YXLPC1PJ,DESK LAMP,9,37,68.12,34.7,USD,2023-05-20,True
996,SKU-RH0SL494,Smartwatch Band,8,4,39.7,19.62,USD,2024-04-30,True
997,SKU-RC71U5HO,tripod,7,25,3.85,2.0,USD,2022-12-29,True
998,SKU-8GDTKLT8,LAPTOP SLEEVE,8,9,66.12,32.16,GBP,2023-10-03,True
999,SKU-3LYG7EY9,bluetooth speaker,19,3,23.33,16.13,MAD,2024-12-12,True
1000,SKU-IT82AVLT,webcam,16,10,10.79,5.63,EUR,2023-10-28,True
1001,SKU-UDXFHX7L,Portable Charger,7,7,13.8,6.75,USD,2025-09-11,True
1002,SKU-M7HPVSU1,water bottle,13,23,22.34,18.62,EUR,2024-01-01,True
1003,SKU-4HJW297M,laptop stand,4,18,25.51,21.26,USD,2025-04-07,True
1004,SKU-I01BL7TG,noise cancelling headphones,5,18,62.22,37.35,EUR,2024-06-22,True
1005,SKU-SWMHYBRJ,4k monitor,10,9,16.56,13.72,USD,2025-04-12,True
1006,SKU-RE8R5M87,router,20,23,39.24,26.85,EUR,2023-04-17,True
1007,SKU-KHHX28YS,ROUTER,18,2,138.17,49.39,GBP,2023-12-23,True
1008,SKU-RL4JPY2K,WATER BOTTLE,15,5,32.93,24.34,USD,2025-08-16,True
1009,SKU-987X6PC5,wireless mouse,11,15,51.14,24.38,GBP,2025-06-18,False
1010,SKU-4722GGNN,PORTABLE CHARGER,6,23,4.56,2.0,GBP,2025-02-03,True
1011,SKU-VJUBBO8V,Router,9,22,38.56,21.79,EUR,2023-02-13,True
1012,SKU-OXANPGPN,HDMI ADAPTER,8,35,3.46,2.0,USD,2023-12-04,True
1013,SKU-AD0JOSJG,USB-C CABLE,19,40,72.4,31.11,GBP,2024-01-17,True
1014,SKU-04S3UEFT,Bluetooth Speaker,6,28,75.93,27.32,USD,2023-07-04,True
1015,SKU-SKG1BBXW,Portable Charger,2,18,33.79,21.79,USD,2023-08-04,True
1016,SKU-E8W6OG83,Phone Case,6,22,3.64,2.0,GBP,2024-11-27,True
1017,SKU-KMHNLVPK,4k monitor,16,36,58.05,30.21,USD,2024-12-01,True
1018,SKU-UFSLAYYJ,Wireless Mouse,9,35,43.61,31.32,GBP,2023-12-17,True
1019,SKU-Z3WHVZ90,Water Bottle,3,32,35.16,29.3,USD,2024-06-22,True
1020,SKU-29EV9O8W,Portable Charger,1,31,40.11,23.58,USD,2023-11-30,True
1021,SKU-744NGAHW,PORTABLE CHARGER,20,36,73.23,39.07,USD,2022-12-11,True
1022,SKU-O9A36P5S,Phone Case,14,23,16.53,10.17,EUR,2022-10-07,True
1023,SKU-P0JUWYF3,Webcam,9,32,37.11,22.96,EUR,2024-12-14,True
1024,SKU-M6UZCCUN,webcam,8,40,36.36,17.65,USD,2024-11-19,True
1025,SKU-VGKUD4L6,DESK LAMP,1,33,33.21,19.07,USD,2023-06-05,True
1026,SKU-N8ATWIO0,DESK LAMP,9,14,37.87,27.64,GBP,2023-04-23,True
1027,SKU-0RBZFGKD,phone case,17,1,53.89,23.64,EUR,2023-03-23,True
1028,SKU-6JNTYQ21,smartwatch band,17,30,37.24,30.42,USD,2025-08-16,True
1029,SKU-QBMKO40Y,wireless mouse,11,25,50.13,20.4,GBP,2023-12-02,True
1030,SKU-5SRS251Z,GAMING KEYBOARD,7,40,11.63,8.9,USD,2023-12-13,True
1031,SKU-HD7CEU7Z,bluetooth speaker,12,30,60.12,29.3,GBP,2023-06-30,True
1032,SKU-0W1TIRU1,COFFEE MUG,2,7,4.37,2.0,USD,2023-06-18,False
1033,SKU-111B0QW1,USB-C Cable,18,22,136.12,52.18,MAD,2023-10-12,True
1034,SKU-ODDF2WWC,Smartwatch Band,11,4,88.57,39.0,USD,2025-07-18,True
1035,SKU-MGH6HGRB,WEBCAM,6,8,59.28,31.23,MAD,2025-09-12,True
1036,SKU-EJP2647B,tripod,3,40,27.55,18.19,USD,2024-10-29,True
1037,SKU-5ZIXIHWL,portable charger,4,6,47.85,32.75,EUR,2025-07-15,True
1038,SKU-FWG0CBKM,COFFEE MUG,16,20,3.64,2.0,USD,2022-12-09,True
1039,SKU-S248JJ11,portable charger,4,32,44.82,28.18,EUR,2025-06-23,True
1040,SKU-3P8UN48R,water bottle,10,22,52.35,27.61,EUR,2024-03-20,True
1041,SKU-FBWKCHCE,Gaming Keyboard,16,16,79.9,43.53,USD,2024-08-16,True
1042,SKU-FOPP7EV1,COFFEE MUG,7,39,17.73,9.83,MAD,2024-12-21,True
1043,SKU-A665K7AU,COFFEE MUG,20,24,67.03,36.0,MAD,2025-08-23,True
1044,SKU-812HRNY1,Webcam,7,31,11.36,5.69,USD,2024-01-16,True
1045,SKU-OH0YLCOA,COFFEE MUG,8,9,20.76,9.91,GBP,2023-02-04,True
1046,SKU-XYXW35TA,WIRELESS MOUSE,18,19,38.45,32.04,GBP,2024-02-16,True
1047,SKU-X7CCGXSY,Webcam,10,19,82.83,55.91,USD,2022-10-20,True
1048,SKU-Q2MIWITW,BLUETOOTH SPEAKER,1,9,3.05,2.0,USD,2025-05-19,True
1049,SKU-7ELJZ3JE,LAPTOP SLEEVE,18,23,10.85,6.42,USD,2023-09-10,False
1050,SKU-X16OQ5K3,hdmi adapter,19,11,3.63,2.0,EUR,2024-10-02,True
1051,SKU-9QX6MB2W,ssd drive,19,17,65.53,26.6,USD,2024-01-31,True
1052,SKU-7N10D1LE,Laptop Stand,5,21,16.33,10.78,USD,2024-05-29,True
1053,SKU-4YK8N2EU,noise cancelling headphones,16,38,18.69,12.48,EUR,2025-09-10,True
1054,SKU-M443IHFG,fitness tracker,17,27,74.16,28.12,USD,2025-06-28,True
1055,SKU-HGFHY6M4,WATER BOTTLE,4,16,5.04,3.59,USD,2024-03-30,True
1056,SKU-LBOPNY0T,portable charger,10,30,76.91,34.3,USD,2023-09-07,True
1057,SKU-ZP2CB7UM,SSD Drive,18,37,51.14,22.77,USD,2024-04-06,True
1058,SKU-GHT8L2BW,WIRELESS MOUSE,12,35,22.6,18.83,USD,2024-10-26,True
1059,SKU-T5UNC0V5,noise cancelling headphones,5,7,88.68,52.84,USD,2023-09-27,True
1060,SKU-B64BX44Q,PHONE CASE,14,11,48.75,25.32,USD,2025-06-10,False
1061,SKU-X95KGW2H,router,16,25,33.05,27.21,EUR,2023-04-29,True
1062,SKU-RRY27WAO,Webcam,3,36,101.35,52.15,USD,2023-05-06,True
1063,SKU-GJ11YGH6,phone case,12,3,75.9,32.57,EUR,2025-04-04,True
1064,SKU-6TQZ1QI4,router,5,17,28.17,18.88,USD,2025-03-30,True
1065,SKU-J0TXDWXS,SSD DRIVE,10,29,9.46,7.88,EUR,2023-05-24,True
1066,SKU-MM3HQLRJ,LAPTOP SLEEVE,12,26,10.42,5.56,EUR,2025-02-10,True
1067,SKU-TEQPRC0K,FITNESS TRACKER,5,2,51.72,24.97,USD,2023-02-19,True
1068,SKU-DU69WT77,laptop stand,16,35,8.65,4.43,EUR,2023-12-11,True
1069,SKU-CC4NN1TT,phone case,6,2,37.08,22.59,USD,2025-06-27,True
1070,SKU-RS2B0GGF,laptop stand,18,3,14.04,6.29,EUR,2025-06-19,False
1071,SKU-RFLFJBQT,DESK LAMP,6,23,29.0,18.66,EUR,2023-04-18,True
1072,SKU-6BNICPIJ,Desk Lamp,6,7,26.91,11.82,USD,2025-01-14,True
1073,SKU-QD127B40,laptop sleeve,14,18,66.84,42.17,USD,2025-08-28,True
1074,SKU-32ZH6AFT,HDMI ADAPTER,13,34,22.63,16.97,USD,2023-02-14,True
1075,SKU-MU0OX0I0,HDMI ADAPTER,17,2,6.91,2.92,GBP,2024-09-16,True
1076,SKU-ODNWNEQ5,gaming keyboard,6,20,22.14,10.01,EUR,2023-08-14,True
1077,SKU-8G49CDRY,Desk Lamp,17,11,12.87,7.53,EUR,2025-05-25,False
1078,SKU-UC0W7KW4,GAMING KEYBOARD,19,7,31.29,14.99,EUR,2025-03-01,True
1079,SKU-L8PYVQD8,desk lamp,9,18,37.81,24.45,USD,2023-04-29,True
1080,SKU-FRCF78LZ,Portable Charger,3,4,71.45,41.09,MAD,2023-10-09,True
1081,SKU-BG1FYU2E,WEBCAM,1,30,13.58,7.43,USD,2023-02-18,True
1082,SKU-UDB4WEKO,Webcam,8,24,75.88,30.63,GBP,2024-11-12,True
1083,SKU-WTB6CPCU,4K Monitor,13,37,32.74,17.87,EUR,2025-08-04,False
1084,SKU-426YE6Y5,portable charger,9,1,63.12,27.6,EUR,2024-08-25,True
1085,SKU-M3RN4BYV,4K Monitor,6,25,44.67,28.49,GBP,2024-06-15,True
1086,SKU-B0I9IQUF,Noise Cancelling Headphones,8,31,24.87,10.15,MAD,2024-01-29,True
1087,SKU-AJNMEBVP,noise cancelling headphones,20,38,31.77,18.95,USD,2023-08-26,True
1088,SKU-AI94NORL,usb-c cable,12,11,37.75,17.01,EUR,2023-05-09,True
1089,SKU-2D1I3E3W,WIRELESS MOUSE,10,27,24.1,15.23,USD,2023-09-13,True
1090,SKU-G6SWZ5S0,water bottle,11,27,9.59,7.69,MAD,2025-02-23,True
1091,SKU-NJI0KEQ6,laptop sleeve,13,20,52.13,24.44,GBP,2025-08-05,True
1092,SKU-8CG2Y9KO,Tripod,7,39,17.32,8.95,MAD,2024-06-10,True
1093,SKU-B9FK5SJA,Laptop Stand,15,7,11.22,7.17,EUR,2023-01-26,True
1094,SKU-C73VTOV8,usb-c cable,9,13,51.56,31.67,MAD,2025-03-26,True
1095,SKU-IAPM6SW8,Desk Lamp,11,24,73.92,37.92,USD,2023-09-25,True
1096,SKU-N0VKHY1O,smartwatch band,12,3,23.8,8.99,GBP,2025-04-11,True
1097,SKU-HL9H45NQ,PHONE CASE,8,1,14.42,6.89,EUR,2025-01-08,True
1098,SKU-3CJL74NG,laptop stand,19,24,3.19,2.0,GBP,2023-11-28,True
1099,SKU-9TI5FJN6,PHONE CASE,1,35,34.92,16.66,EUR,2023-02-15,True
1100,SKU-TEGZZQ38,BLUETOOTH SPEAKER,16,24,72.67,35.88,EUR,2023-09-13,True
1101,SKU-GTTDKKHO,smartwatch band,2,7,9.88,6.22,USD,2023-06-26,True
1102,SKU-LB7BGSAW,4K MONITOR,13,3,59.43,29.57,USD,2024-07-15,False
1103,SKU-GSO1HON3,Desk Lamp,2,4,18.17,13.4,USD,2024-04-07,True
1104,SKU-3FO7UQXT,WEBCAM,9,11,69.33,45.93,USD,2023-09-15,True
1105,SKU-49F33LNG,tripod,6,4,65.48,26.62,GBP,2023-09-25,True
1106,SKU-9VOBLI4U,HDMI Adapter,18,27,31.42,16.94,USD,2023-09-11,True
1107,SKU-CTND7NJT,WATER BOTTLE,8,31,3.6,2.0,EUR,2023-05-08,True
1108,SKU-AQO52TUT,4k monitor,14,26,3.85,2.0,USD,2023-11-19,True
1109,SKU-ZWG6ZAKF,bluetooth speaker,16,27,108.05,42.2,USD,2022-10-08,True
1110,SKU-9SNFIYAC,Smartwatch Band,4,27,66.96,35.07,USD,2023-11-11,True
1111,SKU-L6BKGG91,Phone Case,18,23,60.11,34.49,GBP,2023-11-10,True
1112,SKU-YEO8AJC1,BLUETOOTH SPEAKER,5,2,68.37,42.08,USD,2025-06-26,True
1113,SKU-IVENB2M9,portable charger,10,8,16.6,13.83,USD,2025-01-03,True
1114,SKU-PONCIO0O,laptop stand,1,19,21.69,13.78,GBP,2024-03-17,False
1115,SKU-Y8MFA7EE,fitness tracker,11,4,3.19,2.0,USD,2023-03-07,True
1116,SKU-XENC2JLU,Bluetooth Speaker,10,23,19.44,10.03,GBP,2024-11-03,True
1117,SKU-AY9EDOWQ,gaming keyboard,20,11,21.81,12.04,USD,2023-03-23,True
1118,SKU-768EAORJ,ssd drive,14,14,60.88,25.12,MAD,2025-03-25,True
1119,SKU-9QYC648K,smartwatch band,16,11,52.4,36.21,EUR,2023-09-14,True
1120,SKU-06NEIIAV,router,6,23,22.38,10.69,EUR,2024-09-25,True
1121,SKU-1BBE5DQR,SSD DRIVE,2,34,57.5,41.31,GBP,2024-11-01,True
1122,SKU-UCMMEH79,desk lamp,20,19,23.84,12.37,USD,2023-08-31,True
1123,SKU-CC9JLG38,TRIPOD,20,3,46.88,34.33,USD,2024-12-12,True
1124,SKU-GXYHWLSN,ROUTER,4,19,55.3,28.42,EUR,2025-09-01,True
1125,SKU-WNAOAEGI,PHONE CASE,18,7,63.65,23.26,MAD,2024-06-11,True
1126,SKU-7DQWTTZ9,Noise Cancelling Headphones,1,38,54.02,45.02,MAD,2024-04-19,True
1127,SKU-Y1UG6IDW,hdmi adapter,8,1,11.88,9.61,USD,2024-09-13,True
1128,SKU-UTQGYWOA,Wireless Mouse,3,37,5.04,2.0,USD,2023-09-01,True
1129,SKU-E7CWTYNI,coffee mug,13,6,52.63,20.79,GBP,2024-05-07,True
1130,SKU-LPGA0J6N,ssd drive,6,27,88.0,40.47,USD,2022-10-16,True
1131,SKU-TGLITJP7,4K Monitor,2,19,60.37,24.43,MAD,2022-10-19,True
1132,SKU-ZCSWE8DC,Gaming Keyboard,11,5,47.51,21.72,MAD,2022-12-20,True
1133,SKU-ZFFYUGCP,4K Monitor,15,17,37.62,26.6,USD,2024-06-02,True
1134,SKU-68Y6ADGD,router,11,21,80.67,50.06,USD,2023-01-03,True
1135,SKU-ST81EM6H,Laptop Sleeve,2,40,78.59,53.87,USD,2025-01-13,True
1136,SKU-P7BOVIGS,laptop stand,2,1,52.56,32.58,USD,2024-06-01,True
1137,SKU-SXZ4HD2C,webcam,1,39,30.37,12.83,EUR,2025-06-28,True
1138,SKU-HAEU15FX,FITNESS TRACKER,7,26,9.53,4.69,USD,2022-12-05,True
1139,SKU-3P06F8E5,DESK LAMP,11,36,58.73,33.77,EUR,2024-06-17,True
1140,SKU-MG4P1V5S,PORTABLE CHARGER,11,38,44.61,24.19,MAD,2024-07-21,True
1141,SKU-2WEWU3DS,Phone Case,6,30,50.49,22.0,USD,2023-12-01,True
1142,SKU-TZ6H6FXR,coffee mug,12,18,13.78,9.21,USD,2023-04-30,True
1143,SKU-LOQWOWPP,Wireless Mouse,14,3,50.1,28.08,GBP,2022-11-12,False
1144,SKU-T9BV3J34,coffee mug,2,40,33.23,16.88,EUR,2025-08-28,True
1145,SKU-B3Y69ER7,Wireless Mouse,8,22,71.16,39.26,USD,2023-02-07,True
1146,SKU-9QJTHZMN,Coffee Mug,5,24,53.33,29.99,USD,2025-01-20,True
1147,SKU-QJQFCFBT,usb-c cable,15,24,41.45,20.64,USD,2024-07-08,False
1148,SKU-ECQGEO8I,USB-C CABLE,13,39,44.39,25.29,EUR,2022-11-29,True
1149,SKU-7K6T9OVA,Phone Case,17,31,13.46,6.95,EUR,2023-09-03,True
1150,SKU-MN9BXAQD,noise cancelling headphones,7,2,26.4,15.06,MAD,2023-06-19,False
1151,SKU-QNGDM3YI,tripod,14,1,49.25,29.87,USD,2025-05-31,True
1152,SKU-TSGGAGP1,USB-C CABLE,8,20,25.7,13.12,USD,2023-01-28,True
1153,SKU-OEXWFX1W,desk lamp,7,3,25.12,14.44,USD,2024-07-22,True
1154,SKU-MSBD001M,ROUTER,18,1,17.88,11.49,USD,2022-10-15,True
1155,SKU-NJT5GN8Z,hdmi adapter,16,38,3.56,2.0,USD,2023-12-25,True
1156,SKU-OW26EI4D,Smartwatch Band,11,1,23.45,16.05,EUR,2024-09-23,True
1157,SKU-3EHGTQLU,water bottle,10,36,41.93,26.96,EUR,2024-01-03,True
1158,SKU-3QRJQV74,WIRELESS MOUSE,17,10,6.11,3.6,EUR,2023-02-17,True
1159,SKU-KW0KUROG,USB-C Cable,14,34,2.4,2.0,EUR,2023-08-07,True
1160,SKU-UJFHMZ56,4K Monitor,20,33,2.77,2.0,GBP,2023-05-25,True
1161,SKU-OUP3VVGN,gaming keyboard,7,40,100.64,39.47,GBP,2023-10-26,True
1162,SKU-VMJ0QTMM,Smartwatch Band,18,7,46.82,26.37,USD,2023-05-14,True
1163,SKU-6QQMCDGK,LAPTOP STAND,16,1,3.78,2.0,USD,2024-07-30,True
1164,SKU-PXXLK11Z,ROUTER,14,13,31.17,16.53,MAD,2023-12-23,True
1165,SKU-EPVML0KB,webcam,4,1,27.99,20.4,MAD,2024-07-10,True
1166,SKU-OKNNCIJV,SMARTWATCH BAND,14,13,22.07,7.77,USD,2025-06-26,False
1167,SKU-YZYCIVO4,SSD DRIVE,18,38,37.81,23.33,EUR,2024-11-08,True
1168,SKU-TNU8W6BJ,Laptop Sleeve,8,14,42.94,17.54,GBP,2024-12-19,True
1169,SKU-3O1IBRTP,tripod,16,10,81.96,44.17,EUR,2024-06-10,False
1170,SKU-VGZB0NBS,GAMING KEYBOARD,3,25,15.12,9.57,MAD,2025-04-26,True
1171,SKU-JE8OR8HF,Laptop Sleeve,9,5,12.45,9.18,USD,2024-05-07,True
1172,SKU-9YS83VBJ,phone case,19,3,59.15,22.37,USD,2025-09-14,True
1173,SKU-AAA1GD3X,4K Monitor,19,22,4.35,2.0,USD,2025-05-12,True
1174,SKU-CQCP6CYI,hdmi adapter,16,28,24.96,12.99,USD,2025-03-29,True
1175,SKU-VMZX3MV6,4K Monitor,7,6,53.75,29.87,GBP,2022-10-30,True
1176,SKU-1VXIAVEG,desk lamp,8,24,69.09,28.14,USD,2023-06-17,True
1177,SKU-D5MMYVJK,WIRELESS MOUSE,8,18,24.64,15.61,GBP,2023-05-21,True
1178,SKU-2WL0DN4X,4k monitor,9,18,21.59,13.43,GBP,2024-05-14,False
1179,SKU-OPTPRMSA,COFFEE MUG,20,16,16.96,12.19,EUR,2024-10-12,True
1180,SKU-YXS9T5RR,hdmi adapter,16,19,28.45,13.53,MAD,2023-09-05,True
1181,SKU-HPOVXD7N,HDMI ADAPTER,13,5,37.26,20.94,EUR,2022-11-01,True
1182,SKU-FV3N7G72,USB-C Cable,2,39,2.91,2.0,USD,2023-01-30,False
1183,SKU-K7VG7S6D,NOISE CANCELLING HEADPHONES,9,35,25.14,9.94,MAD,2023-12-17,True
1184,SKU-41MI90JH,hdmi adapter,17,27,20.41,12.67,MAD,2025-07-16,True
1185,SKU-ZUNGL2KD,NOISE CANCELLING HEADPHONES,4,18,113.13,49.88,USD,2025-04-26,True
1186,SKU-ZIZSIHNJ,desk lamp,3,29,62.95,38.33,GBP,2023-09-09,True
1187,SKU-D2DLEILV,bluetooth speaker,16,38,31.26,15.7,USD,2024-03-28,True
1188,SKU-GSBCYFLA,Coffee Mug,14,18,10.29,7.37,USD,2022-11-16,True
1189,SKU-55IX9N47,desk lamp,4,34,3.29,2.0,EUR,2023-05-19,True
1190,SKU-6A0E20WX,wireless mouse,15,24,37.02,18.78,EUR,2024-08-14,False
1191,SKU-I1AGU5IS,Fitness Tracker,12,17,24.0,19.58,EUR,2023-04-23,True
1192,SKU-RBRHL8YG,hdmi adapter,16,12,33.73,21.3,EUR,2022-10-13,True
1193,SKU-ZVSD8NZT,ROUTER,14,23,35.68,18.49,EUR,2024-02-12,True
1194,SKU-39TRCVYK,Wireless Mouse,3,29,44.78,27.56,EUR,2025-07-12,True
1195,SKU-ZSVGNPSB,Portable Charger,6,33,77.14,32.88,USD,2025-03-03,True
1196,SKU-3C7KJMNG,Portable Charger,1,27,59.62,27.69,EUR,2024-05-01,True
1197,SKU-NC0ITGQF,Noise Cancelling Headphones,2,13,2.4,2.0,USD,2022-11-06,True
1198,SKU-JSEQ5WRG,Smartwatch Band,19,14,41.6,21.83,USD,2023-09-21,True
1199,SKU-QFLGMKP9,water bottle,11,14,50.87,42.39,MAD,2022-12-28,True
1200,SKU-VXJHFPOM,Phone Case,18,23,23.85,11.83,MAD,2023-07-12,True
